web-scraper-order,web-scraper-start-url,product-link,product-link-href,name,description,price,Main Image URL,Product Gallery Images,Product Gallery Images-src
"1720634380-1","https://www.newegg.ca/Gaming-Monitors/SubCategory/ID-3743","ASUS ROG Swift Pro PG248QP NVIDIA G-SYNC Esports Gaming Monitor - 24.1"" FHD, 540Hz Overclocked (Above 360Hz), Esports-TN Panel, NVIDIA Reflex Analyzer, ULMB2, Adjustable Base, ESS Codec, DisplayHDR400","https://www.newegg.ca/p/N82E16824281283","ASUS ROG Swift Pro PG248QP NVIDIA G-SYNC Esports Gaming Monitor - 24.1"" FHD, 540 Hz Overclocked (Above 360Hz), Esports-TN Panel, NVIDIA Reflex Analyzer, ULMB 2, Adjustable Base, ESS Codec, DisplayHDR 400","24.1-inch FHD (1920 x 1280) Esports-TN (E-TN) gaming monitor with 540 Hz (OC) refresh rate is designed for professional gamersWorld's fastest TN panel; E-TN panel technology is approximately 50% more responsive than traditional TN panels availableAdjustable base with retractable claws ensures a small footprintNVIDIA G-SYNC Ultra Low Motion Blur 2 (ULMB 2) provides enhanced motion blur reduction, bringing over 2000 Hz of effective motion clarityNVIDIA Reflex Analyzer offers accurate measurements of system latency","$1,259.99","https://c1.neweggimages.com/ProductImageCompressAll60/24-281-283-07.jpg","[{""Product Gallery Images"":"""",""Product Gallery Images-src"":""https://c1.neweggimages.com/ProductImageCompressAll60/24-281-283-07.jpg""},{""Product Gallery Images"":"""",""Product Gallery Images-src"":""https://c1.neweggimages.com/ProductImageCompressAll60/24-281-283-01.png""},{""Product Gallery Images"":"""",""Product Gallery Images-src"":""https://c1.neweggimages.com/ProductImageCompressAll60/24-281-283-02.jpg""},{""Product Gallery Images"":"""",""Product Gallery Images-src"":""https://c1.neweggimages.com/ProductImageCompressAll60/24-281-283-03.png""},{""Product Gallery Images"":"""",""Product Gallery Images-src"":""https://c1.neweggimages.com/ProductImageCompressAll60/24-281-283-04.png""},{""Product Gallery Images"":"""",""Product Gallery Images-src"":""https://c1.neweggimages.com/ProductImageCompressAll60/24-281-283-05.png""},{""Product Gallery Images"":"""",""Product Gallery Images-src"":""https://c1.neweggimages.com/ProductImageCompressAll60/24-281-283-06.png""}]",""
"1720634383-2","https://www.newegg.ca/Gaming-Monitors/SubCategory/ID-3743","MSI 34"" 100 Hz VA UWQHD Gaming Monitor 3440 x 1440 (2K) 87% Adobe RGB / 86% DCI-P3 / 110% sRGB HDMI, DisplayPort, Audio MAG342CQPV","https://www.newegg.ca/p/N82E16824475221","MSI 34"" 100 Hz VA UWQHD Gaming Monitor 3440 x 1440 (2K) 87% Adobe RGB / 86% DCI-P3 / 110% sRGB HDMI, DisplayPort, Audio MAG342CQPV","Curved Gaming display (1500R) - The best gameplay immersion.UWQHD High Resolution - Game titles will even look better, displaying more details due to the UWQHD resolution.100Hz Refresh Rate - Real smooth gaming.1ms response time - eliminate screen tearing and choppy frame rates.Night Vision - See every detail clearly in the dark, helping you find and attack enemies before they notice.Adaptive-Sync Technology - Tear free, stutter free, fluid gaming.Anti-Flicker and Less Blue Light - game even longer and prevent eye strain and fatique.Frameless design - Ultimate gameplay experience.178° wide view angle.","$369.99","https://c1.neweggimages.com/ProductImageCompressAll60/24-475-221-V22.jpg","[{""Product Gallery Images"":"""",""Product Gallery Images-src"":""https://c1.neweggimages.com/ProductImageCompressAll60/24-475-221-V22.jpg""},{""Product Gallery Images"":"""",""Product Gallery Images-src"":""https://c1.neweggimages.com/ProductImageCompressAll60/24-475-221-V19.jpg""},{""Product Gallery Images"":"""",""Product Gallery Images-src"":""https://c1.neweggimages.com/ProductImageCompressAll60/24-475-221-V33.jpg""},{""Product Gallery Images"":"""",""Product Gallery Images-src"":""https://c1.neweggimages.com/ProductImageCompressAll60/24-475-221-V24.jpg""},{""Product Gallery Images"":"""",""Product Gallery Images-src"":""https://c1.neweggimages.com/ProductImageCompressAll60/24-475-221-V32.jpg""},{""Product Gallery Images"":"""",""Product Gallery Images-src"":""https://c1.neweggimages.com/ProductImageCompressAll60/24-475-221-V39.jpg""},{""Product Gallery Images"":"""",""Product Gallery Images-src"":""https://c1.neweggimages.com/ProductImageCompressAll60/24-475-221-V21.jpg""},{""Product Gallery Images"":"""",""Product Gallery Images-src"":""https://c1.neweggimages.com/ProductImageCompressAll60/24-475-221-V29.jpg""},{""Product Gallery Images"":"""",""Product Gallery Images-src"":""https://c1.neweggimages.com/ProductImageCompressAll60/24-475-221-V37.jpg""},{""Product Gallery Images"":"""",""Product Gallery Images-src"":""https://c1.neweggimages.com/ProductImageCompressAll60/24-475-221-V20.jpg""},{""Product Gallery Images"":"""",""Product Gallery Images-src"":""https://c1.neweggimages.com/ProductImageCompressAll60/24-475-221-V30.jpg""},{""Product Gallery Images"":"""",""Product Gallery Images-src"":""https://c1.neweggimages.com/ProductImageCompressAll60/24-475-221-V26.jpg""},{""Product Gallery Images"":"""",""Product Gallery Images-src"":""https://c1.neweggimages.com/ProductImageCompressAll60/24-475-221-V25.jpg""},{""Product Gallery Images"":"""",""Product Gallery Images-src"":""https://c1.neweggimages.com/ProductImageCompressAll60/24-475-221-V28.jpg""},{""Product Gallery Images"":"""",""Product Gallery Images-src"":""https://c1.neweggimages.com/ProductImageCompressAll60/24-475-221-V38.jpg""},{""Product Gallery Images"":"""",""Product Gallery Images-src"":""https://c1.neweggimages.com/ProductImageCompressAll60/24-475-221-V31.jpg""},{""Product Gallery Images"":"""",""Product Gallery Images-src"":""https://c1.neweggimages.com/ProductImageCompressAll60/24-475-221-V34.jpg""},{""Product Gallery Images"":"""",""Product Gallery Images-src"":""https://c1.neweggimages.com/ProductImageCompressAll60/24-475-221-V36.jpg""},{""Product Gallery Images"":"""",""Product Gallery Images-src"":""https://c1.neweggimages.com/ProductImageCompressAll60/24-475-221-V27.jpg""},{""Product Gallery Images"":"""",""Product Gallery Images-src"":""https://c1.neweggimages.com/ProductImageCompressAll60/24-475-221-V35.jpg""}]",""
"1720634393-3","https://www.newegg.ca/Gaming-Monitors/SubCategory/ID-3743","GIGABYTE - AORUS FO27Q3 - 27"" QD OLED Gaming Monitor - QHD 2560x1440 - 360Hz - 0.03ms GTG - AMD FreeSync Premium Pro - Type C KVM - HDMI, DP, Type C - Height Adjustable - Black","https://www.newegg.ca/p/N82E16824012080","GIGABYTE - AORUS FO27Q3 - 27"" QD OLED Gaming Monitor - QHD 2560x1440 - 360Hz - 0.03ms GTG - AMD FreeSync Premium Pro - Type C KVM - HDMI, DP, Type C - Height Adjustable - Black","Resolution & Panel: 27"" QHD 2560x1440 QD OLED Gaming MonitorRefresh Rate & Response: 360Hz refresh rate, 0.03ms GTG response timeColor Accuracy: 99% DCI-P3, 10bitSpecial Features: Type C KVM, VESA DisplayHDR True Black 400, VESA Certified ClearMR 13000, HBR3, AMD FreeSync Premium ProConnectivity: 2x HDMI 2.1, 1x Displayport 1.4, 1x USB Type-C, 2x USB 3.0 Downstream ports, 1x USB 3.0 Upstream port, 1x Earphone Jack, 1x Microphone JackVESA Wall Mount Compatible 100*100mmAccessories: Power cables, HDMI cable, DP cable, USB cable, QSG, Warranty card, Color calibration test report","$1,099.00","https://c1.neweggimages.com/ProductImageCompressAll60/24-012-080-07.jpg","[{""Product Gallery Images"":"""",""Product Gallery Images-src"":""https://c1.neweggimages.com/ProductImageCompressAll60/24-012-080-07.jpg""},{""Product Gallery Images"":"""",""Product Gallery Images-src"":""https://c1.neweggimages.com/ProductImageCompressAll60/24-012-080-08.jpg""},{""Product Gallery Images"":"""",""Product Gallery Images-src"":""https://c1.neweggimages.com/ProductImageCompressAll60/24-012-080-09.jpg""},{""Product Gallery Images"":"""",""Product Gallery Images-src"":""https://c1.neweggimages.com/ProductImageCompressAll60/24-012-080-10.jpg""},{""Product Gallery Images"":"""",""Product Gallery Images-src"":""https://c1.neweggimages.com/ProductImageCompressAll60/24-012-080-11.jpg""},{""Product Gallery Images"":"""",""Product Gallery Images-src"":""https://c1.neweggimages.com/ProductImageCompressAll60/24-012-080-12.jpg""}]",""
"1720634395-4","https://www.newegg.ca/Gaming-Monitors/SubCategory/ID-3743","LG 27"" (26.5"" Viewable) 240 Hz OLED QHD Gaming Monitor FreeSync Premium Pro & G-Sync Compatible 2560 x 1440 (2K) DCI-P3 98.5% (CIE1976) UltraGear 27GS95QE-B","https://www.newegg.ca/p/N82E16824026405","LG 27"" (26.5"" Viewable) 240 Hz OLED QHD Gaming Monitor FreeSync Premium Pro & G-Sync Compatible 2560 x 1440 (2K) DCI-P3 98.5% (CIE1976) UltraGear 27GS95QE-B","27"" QHD (2560 x 1440) OLED DisplayOLED with 240Hz Refresh Rate0.03ms (GtG) Response timeContrast Ratio 1.5M:1NVIDIA G-SYNC CompatibleAMD FreeSync Premium Pro","$1,193.11","https://c1.neweggimages.com/ProductImageCompressAll60/24-026-405-08.jpg","[{""Product Gallery Images"":"""",""Product Gallery Images-src"":""https://c1.neweggimages.com/ProductImageCompressAll60/24-026-405-08.jpg""},{""Product Gallery Images"":"""",""Product Gallery Images-src"":""https://c1.neweggimages.com/ProductImageCompressAll60/24-026-405-01.jpg""},{""Product Gallery Images"":"""",""Product Gallery Images-src"":""https://c1.neweggimages.com/ProductImageCompressAll60/24-026-405-07.jpg""},{""Product Gallery Images"":"""",""Product Gallery Images-src"":""https://c1.neweggimages.com/ProductImageCompressAll60/24-026-405-05.jpg""},{""Product Gallery Images"":"""",""Product Gallery Images-src"":""https://c1.neweggimages.com/ProductImageCompressAll60/24-026-405-04.jpg""},{""Product Gallery Images"":"""",""Product Gallery Images-src"":""https://c1.neweggimages.com/ProductImageCompressAll60/24-026-405-06.jpg""},{""Product Gallery Images"":"""",""Product Gallery Images-src"":""https://c1.neweggimages.com/ProductImageCompressAll60/24-026-405-03.jpg""},{""Product Gallery Images"":"""",""Product Gallery Images-src"":""https://c1.neweggimages.com/ProductImageCompressAll60/24-026-405-02.jpg""}]",""
"1720634398-5","https://www.newegg.ca/Gaming-Monitors/SubCategory/ID-3743","AOC C32G2ZE 32"" Curved Frameless Gaming Monitor, Full HD 1920x1080, VA, 0.5ms 240Hz, AMD FreeSync Premium, DP/HDMI/VGA, VESA, 3-3-1 Re-Spawn Program, Xbox PS5 Switch, Black","https://www.newegg.ca/p/N82E16824160455","AOC C32G2ZE 32"" Curved Frameless Gaming Monitor, Full HD 1920x1080, VA, 0.5ms 240Hz, AMD FreeSync Premium, DP/HDMI/VGA, VESA, 3-3-1 Re-Spawn Program, Xbox PS5 Switch, Black","32"" (31.5"" Viewable) VA FHD 1920 x 1080 240 Hz FreeSync Premium (AMD Adaptive Sync) DCR 80M:1 (4000:1) 16.7 Million Tilt: -3.5° (+/-1.5°) ~ 21.5° (+/-1.5°)        1 x DisplayPort 1.2 / 2 x HDMI 2.0 32"" MonitorPower CordHDMI cableDP cableQSG","$273.99","https://c1.neweggimages.com/ProductImageCompressAll60/24-160-455-01.png","[{""Product Gallery Images"":"""",""Product Gallery Images-src"":""https://c1.neweggimages.com/ProductImageCompressAll60/24-160-455-01.png""},{""Product Gallery Images"":"""",""Product Gallery Images-src"":""https://c1.neweggimages.com/ProductImageCompressAll60/24-160-455-02.png""},{""Product Gallery Images"":"""",""Product Gallery Images-src"":""https://c1.neweggimages.com/ProductImageCompressAll60/24-160-455-03.png""},{""Product Gallery Images"":"""",""Product Gallery Images-src"":""https://c1.neweggimages.com/ProductImageCompressAll60/24-160-455-04.png""},{""Product Gallery Images"":"""",""Product Gallery Images-src"":""https://c1.neweggimages.com/ProductImageCompressAll60/24-160-455-05.png""},{""Product Gallery Images"":"""",""Product Gallery Images-src"":""https://c1.neweggimages.com/ProductImageCompressAll60/24-160-455-06.png""},{""Product Gallery Images"":"""",""Product Gallery Images-src"":""https://c1.neweggimages.com/ProductImageCompressAll60/24-160-455-07.png""}]",""
"1720634400-6","https://www.newegg.ca/Gaming-Monitors/SubCategory/ID-3743","MSI 27"" 144 Hz Rapid IPS UHD Gaming Monitor FreeSync Premium & G-Sync Compatible 3840 x 2160 (4K) 97% Adobe RGB / 98% DCI-P3 / 129% sRGB MAG274UPF","https://www.newegg.ca/p/N82E16824475327","MSI 27"" 144 Hz Rapid IPS UHD Gaming Monitor FreeSync Premium & G-Sync Compatible 3840 x 2160 (4K) 97% Adobe RGB / 98% DCI-P3 / 129% sRGB MAG274UPF","Rapid IPS Panel - Provides 1ms fast GtG response time, optimizes screen colors and brightness.4K UHD High Resolution - Games will look even better, displaying more details.144Hz Refresh Rate - Respond faster with smoother frames.1ms GtG Response Time - Eliminate screen tearing and choppy frame rates.Gaming Intelligence APP - Create the perfect viewing settings for your games.AMD Free-Sync premium Technology - Tear free, stutter free, fluid gaming.Adjustable Stand - Easily change the position of the monitor for maximum ergonomics.VESA DisplayHDR 400 - Stunning visuals through contrast and shadow adjustment.Night Vision - Smart black tuner to brighten your day by bringing out the fine details in dark areas.","$499.99","https://c1.neweggimages.com/ProductImageCompressAll60/24-475-327-30.jpg","[{""Product Gallery Images"":"""",""Product Gallery Images-src"":""https://c1.neweggimages.com/ProductImageCompressAll60/24-475-327-30.jpg""},{""Product Gallery Images"":"""",""Product Gallery Images-src"":""https://c1.neweggimages.com/ProductImageCompressAll60/24-475-327-31.jpg""},{""Product Gallery Images"":"""",""Product Gallery Images-src"":""https://c1.neweggimages.com/ProductImageCompressAll60/24-475-327-32.jpg""},{""Product Gallery Images"":"""",""Product Gallery Images-src"":""https://c1.neweggimages.com/ProductImageCompressAll60/24-475-327-33.jpg""},{""Product Gallery Images"":"""",""Product Gallery Images-src"":""https://c1.neweggimages.com/ProductImageCompressAll60/24-475-327-34.jpg""},{""Product Gallery Images"":"""",""Product Gallery Images-src"":""https://c1.neweggimages.com/ProductImageCompressAll60/24-475-327-35.png""},{""Product Gallery Images"":"""",""Product Gallery Images-src"":""https://c1.neweggimages.com/ProductImageCompressAll60/24-475-327-36.png""},{""Product Gallery Images"":"""",""Product Gallery Images-src"":""https://c1.neweggimages.com/ProductImageCompressAll60/24-475-327-37.png""},{""Product Gallery Images"":"""",""Product Gallery Images-src"":""https://c1.neweggimages.com/ProductImageCompressAll60/24-475-327-38.png""},{""Product Gallery Images"":"""",""Product Gallery Images-src"":""https://c1.neweggimages.com/ProductImageCompressAll60/24-475-327-39.png""},{""Product Gallery Images"":"""",""Product Gallery Images-src"":""https://c1.neweggimages.com/ProductImageCompressAll60/24-475-327-40.jpg""},{""Product Gallery Images"":"""",""Product Gallery Images-src"":""https://c1.neweggimages.com/ProductImageCompressAll60/24-475-327-41.jpg""},{""Product Gallery Images"":"""",""Product Gallery Images-src"":""https://c1.neweggimages.com/ProductImageCompressAll60/24-475-327-28.png""},{""Product Gallery Images"":"""",""Product Gallery Images-src"":""https://c1.neweggimages.com/ProductImageCompressAll60/24-475-327-42.jpg""},{""Product Gallery Images"":"""",""Product Gallery Images-src"":""https://c1.neweggimages.com/ProductImageCompressAll60/24-475-327-43.jpg""},{""Product Gallery Images"":"""",""Product Gallery Images-src"":""https://c1.neweggimages.com/ProductImageCompressAll60/24-475-327-44.jpg""},{""Product Gallery Images"":"""",""Product Gallery Images-src"":""https://c1.neweggimages.com/ProductImageCompressAll60/24-475-327-45.jpg""},{""Product Gallery Images"":"""",""Product Gallery Images-src"":""https://c1.neweggimages.com/ProductImageCompressAll60/24-475-327-50.jpg""},{""Product Gallery Images"":"""",""Product Gallery Images-src"":""https://c1.neweggimages.com/ProductImageCompressAll60/24-475-327-51.png""},{""Product Gallery Images"":"""",""Product Gallery Images-src"":""https://c1.neweggimages.com/ProductImageCompressAll60/24-475-327-52.png""}]",""
"1720634403-7","https://www.newegg.ca/Gaming-Monitors/SubCategory/ID-3743","ASUS ROG Strix XG49VQ 49"" Super Ultra-Wide HDR Curved Gaming Monitor - 32:9 (3840 x 1080), 144Hz, FreeSync 2, DisplayHDR 400, Eye Care with DP HDMI","https://www.newegg.ca/black-asus-rog-strix-xg49vq-49/p/N82E16824236965","ASUS ROG Strix XG49VQ 49"" Super Ultra-Wide HDR Curved Gaming Monitor - 32:9 (3840 x 1080), 144Hz, FreeSync 2, DisplayHDR 400, Eye Care with DP HDMI","49"" DFHD (3840 x 1080) 1800R curved super ultra-wide monitor with 144Hz and FreeSync 2 HDR for immersive, smooth gaming with DisplayPort and HDMI connectivity DisplayHDR 400 certified with 90% DCI-P3 coverage ensure high color contrast and cinematic color performanceMarathon ready with swivel, tilt and height adjustability and VESA mount so you can always find your ideal viewing positionASUS Eye Care technology minimizes eye fatigue and ailments with flicker-free backlighting and blue light filtersExclusive GamePlus and GameVisual overlays and color modes let you get the most out of your gameFree 3-month Adobe Creative Cloud Subscription: Receive complimentary access with the purchase of this product (offer valid from 9/15/2021 to 8/31/2024)","$999.99","https://c1.neweggimages.com/ProductImageCompressAll60/24-236-965-V01.jpg","[{""Product Gallery Images"":"""",""Product Gallery Images-src"":""https://c1.neweggimages.com/ProductImageCompressAll60/24-236-965-V01.jpg""},{""Product Gallery Images"":"""",""Product Gallery Images-src"":""https://c1.neweggimages.com/ProductImageCompressAll60/24-236-965-V03.jpg""},{""Product Gallery Images"":"""",""Product Gallery Images-src"":""https://c1.neweggimages.com/ProductImageCompressAll60/24-236-965-01.png""},{""Product Gallery Images"":"""",""Product Gallery Images-src"":""https://c1.neweggimages.com/ProductImageCompressAll60/24-236-965-V04.jpg""},{""Product Gallery Images"":"""",""Product Gallery Images-src"":""https://c1.neweggimages.com/ProductImageCompressAll60/24-236-965-V05.jpg""},{""Product Gallery Images"":"""",""Product Gallery Images-src"":""https://c1.neweggimages.com/ProductImageCompressAll60/24-236-965-V06.jpg""},{""Product Gallery Images"":"""",""Product Gallery Images-src"":""https://c1.neweggimages.com/ProductImageCompressAll60/24-236-965-V02.jpg""}]",""
"1720634405-8","https://www.newegg.ca/Gaming-Monitors/SubCategory/ID-3743","ASUS TUF 27"" 165Hz 1440P HDR Gaming Monitor- QHD (2560 x 1440), (Supports 144Hz), 1ms, Extreme Low Motion Blur, Speaker, G-SYNC Compatible, VESA Mountable, DisplayPort, HDMI VG27AQ","https://www.newegg.ca/black-asus-tuf-gaming-vg27aq-90lm0500-b013b0-27/p/N82E16824236987","ASUS TUF 27"" 165Hz 1440P HDR Gaming Monitor- QHD (2560 x 1440), (Supports 144Hz), 1ms, Extreme Low Motion Blur, Speaker, G-SYNC Compatible, VESA Mountable, DisplayPort, HDMI VG27AQ","27-inch gaming monitor with a QHD (2560x1440) resolution.1ms Response Timeultrafast 165Hz Refresh Rate2 x HDMI (2.0), DisplayPort (1.2) Video InputsBuilt-in 2 Watt Stereo RMS SpeakersAdaptive-SYNC SupportedExtreme Low Motion Blur SyncG-SYNC CompatibleHDR10 CompatibleAsus Eye Care with Ultra Low-Blue Light and Flicker-Free TechnologyTilt, Swivel, Pivot, Height AdjustableVESA Mount Compatible  100 x100Designed for Professional Gamers and Immersive GameplayFree 3-month Adobe Creative Cloud Subscription: Receive complimentary access with the purchase of this product (offer valid from 9/15/2021 to 8/31/2024)","$359.99","https://c1.neweggimages.com/ProductImageCompressAll60/24-236-987-01.jpg","[{""Product Gallery Images"":"""",""Product Gallery Images-src"":""https://c1.neweggimages.com/ProductImageCompressAll60/24-236-987-01.jpg""},{""Product Gallery Images"":"""",""Product Gallery Images-src"":""https://c1.neweggimages.com/ProductImageCompressAll60/24-236-987-S01.jpg""},{""Product Gallery Images"":"""",""Product Gallery Images-src"":""https://c1.neweggimages.com/ProductImageCompressAll60/24-236-987-02.jpg""},{""Product Gallery Images"":"""",""Product Gallery Images-src"":""https://c1.neweggimages.com/ProductImageCompressAll60/24-236-987-V80.jpg""},{""Product Gallery Images"":"""",""Product Gallery Images-src"":""https://c1.neweggimages.com/ProductImageCompressAll60/24-236-987-S02.jpg""},{""Product Gallery Images"":"""",""Product Gallery Images-src"":""https://c1.neweggimages.com/ProductImageCompressAll60/24-236-987-S03.jpg""},{""Product Gallery Images"":"""",""Product Gallery Images-src"":""https://c1.neweggimages.com/ProductImageCompressAll60/24-236-987-S04.jpg""},{""Product Gallery Images"":"""",""Product Gallery Images-src"":""https://c1.neweggimages.com/ProductImageCompressAll60/24-236-987-S05.jpg""},{""Product Gallery Images"":"""",""Product Gallery Images-src"":""https://c1.neweggimages.com/ProductImageCompressAll60/24-236-987-S06.jpg""}]",""
"1720634408-9","https://www.newegg.ca/Gaming-Monitors/SubCategory/ID-3743","ASUS 27"" 240 Hz OLED WQHD gaming monitor 0.03ms (Gray to Gray) FreeSync Premium & G-Sync Compatible 2560 x 1440 (2K) Anti-glare micro-texture coating, 99% DCI-P3,True 10-bit, Flat Panel PG27AQDM","https://www.newegg.ca/p/N82E16824281246","ASUS 27"" 240 Hz OLED WQHD gaming monitor 0.03ms (Gray to Gray) FreeSync Premium & G-Sync Compatible 2560 x 1440 (2K) Anti-glare micro-texture coating, 99% DCI-P3,True 10-bit, Flat Panel PG27AQDM","IPS OLED2560 x 1440 (2K) 240 Hz 0.03 respond timeHDMI DisplayPort FreeSync Premium & G-Sync Compatible135000:1 (Typ.) 1,500,000:1 (HDR Max.) 1073.7M (10 bit) Tripod socket Yes Swivel -30° ~ +30° Tilt -5° ~ +20° Pivot -90° ~ +90 VESA Compatibility - MountableFree 3-month Adobe Creative Cloud Subscription: Receive complimentary access with the purchase of this product (offer valid from 9/15/2021 to 8/31/2024)","$1,299.99","https://c1.neweggimages.com/ProductImageCompressAll60/24-281-246-21.jpg","[{""Product Gallery Images"":"""",""Product Gallery Images-src"":""https://c1.neweggimages.com/ProductImageCompressAll60/24-281-246-21.jpg""},{""Product Gallery Images"":"""",""Product Gallery Images-src"":""https://c1.neweggimages.com/ProductImageCompressAll60/24-281-246-20.jpg""},{""Product Gallery Images"":"""",""Product Gallery Images-src"":""https://c1.neweggimages.com/ProductImageCompressAll60/24-281-246-18.jpg""},{""Product Gallery Images"":"""",""Product Gallery Images-src"":""https://c1.neweggimages.com/ProductImageCompressAll60/24-281-246-19.jpg""},{""Product Gallery Images"":"""",""Product Gallery Images-src"":""https://c1.neweggimages.com/ProductImageCompressAll60/24-281-246-16.jpg""},{""Product Gallery Images"":"""",""Product Gallery Images-src"":""https://c1.neweggimages.com/ProductImageCompressAll60/24-281-246-09.jpg""},{""Product Gallery Images"":"""",""Product Gallery Images-src"":""https://c1.neweggimages.com/ProductImageCompressAll60/24-281-246-08.jpg""},{""Product Gallery Images"":"""",""Product Gallery Images-src"":""https://c1.neweggimages.com/ProductImageCompressAll60/24-281-246-15.jpg""},{""Product Gallery Images"":"""",""Product Gallery Images-src"":""https://c1.neweggimages.com/ProductImageCompressAll60/24-281-246-10.jpg""},{""Product Gallery Images"":"""",""Product Gallery Images-src"":""https://c1.neweggimages.com/ProductImageCompressAll60/24-281-246-14.png""},{""Product Gallery Images"":"""",""Product Gallery Images-src"":""https://c1.neweggimages.com/ProductImageCompressAll60/24-281-246-17.png""}]",""
"1720634410-10","https://www.newegg.ca/Gaming-Monitors/SubCategory/ID-3743","GIGABYTE - GS34WQC - 34"" VA Curved Gaming Monitor - WQHD 3440x1440 - 120Hz/OC 135Hz - 1ms MPRT - AMD FreeSync Premium - HDMI, DP - Black","https://www.newegg.ca/p/N82E16824012067","GIGABYTE - GS34WQC - 34"" VA Curved Gaming Monitor - WQHD 3440x1440 - 120Hz/OC 135Hz - 1ms MPRT - AMD FreeSync Premium - HDMI, DP - Black","Resolution & Panel: 34"" WQHD 3440x1440 Curved VA Gaming MonitorRefresh Rate & Response: 120Hz/OC 135Hz refresh rate, 1ms MPRT response timeColor Accuracy: 120% sRGB, 8 bitSpecial Features: HDR Ready, TÜV Rheinland Certified, HBR3, AMD FreeSync PremiumConnectivity: 2x HDMI 2.0, 1x Displayport 1.4, 1x Earphone JackVESA Wall Mount Compatible 100*100mmAccessories: Power cables, DP cable, QSG, Warranty card","$379.99","https://c1.neweggimages.com/ProductImageCompressAll60/24-012-067-28.jpg","[{""Product Gallery Images"":"""",""Product Gallery Images-src"":""https://c1.neweggimages.com/ProductImageCompressAll60/24-012-067-28.jpg""},{""Product Gallery Images"":"""",""Product Gallery Images-src"":""https://c1.neweggimages.com/ProductImageCompressAll60/24-012-067-29.jpg""},{""Product Gallery Images"":"""",""Product Gallery Images-src"":""https://c1.neweggimages.com/ProductImageCompressAll60/24-012-067-30.jpg""},{""Product Gallery Images"":"""",""Product Gallery Images-src"":""https://c1.neweggimages.com/ProductImageCompressAll60/24-012-067-31.jpg""},{""Product Gallery Images"":"""",""Product Gallery Images-src"":""https://c1.neweggimages.com/ProductImageCompressAll60/24-012-067-32.jpg""}]",""
"1720634413-11","https://www.newegg.ca/Gaming-Monitors/SubCategory/ID-3743","MSI MAG 271QPX QD-OLED 27"" 16:9, QD-OLED Gaming Monitor, 360Hz 0.03ms, 2560 x 1440 (WQHD), Height Adjustable Arm","https://www.newegg.ca/p/N82E16824475360","MSI MAG 271QPX QD-OLED 27"" 16:9, QD-OLED Gaming Monitor, 360Hz 0.03ms, 2560 x 1440 (WQHD), Height Adjustable Arm","Next-Gen QD-OLED Panel - With stunning image quality and fast response time.Fastest 0.03ms GtG response time and 360Hz refresh rate.QD Premium Color - Ensures the color meets the market standard - Delta E <=2.Incredible HDR visual - VESA DisplayHDR True Black 400.MSI OLED Care 2.0 - Reduced the risk of OLED burn-in.KVM - Control multiple devices via one set of keyboard, mouse, and monitor.Console Mode - Provide HDMI 2.1 with a full 48 Gbps bandwidth.Adjustable Stand - Easily change the position of the monitor for maximum ergonomics.3-Year Burn-In Warranty - Including coverage for OLED burn in.","$929.99","https://c1.neweggimages.com/ProductImageCompressAll60/24-475-360-10.jpg","[{""Product Gallery Images"":"""",""Product Gallery Images-src"":""https://c1.neweggimages.com/ProductImageCompressAll60/24-475-360-10.jpg""},{""Product Gallery Images"":"""",""Product Gallery Images-src"":""https://c1.neweggimages.com/ProductImageCompressAll60/24-475-360-11.jpg""},{""Product Gallery Images"":"""",""Product Gallery Images-src"":""https://c1.neweggimages.com/ProductImageCompressAll60/24-475-360-12.jpg""},{""Product Gallery Images"":"""",""Product Gallery Images-src"":""https://c1.neweggimages.com/ProductImageCompressAll60/24-475-360-13.jpg""},{""Product Gallery Images"":"""",""Product Gallery Images-src"":""https://c1.neweggimages.com/ProductImageCompressAll60/24-475-360-14.jpg""},{""Product Gallery Images"":"""",""Product Gallery Images-src"":""https://c1.neweggimages.com/ProductImageCompressAll60/24-475-360-15.jpg""},{""Product Gallery Images"":"""",""Product Gallery Images-src"":""https://c1.neweggimages.com/ProductImageCompressAll60/24-475-360-16.jpg""},{""Product Gallery Images"":"""",""Product Gallery Images-src"":""https://c1.neweggimages.com/ProductImageCompressAll60/24-475-360-17.jpg""},{""Product Gallery Images"":"""",""Product Gallery Images-src"":""https://c1.neweggimages.com/ProductImageCompressAll60/24-475-360-18.jpg""},{""Product Gallery Images"":"""",""Product Gallery Images-src"":""https://c1.neweggimages.com/ProductImageCompressAll60/24-475-360-19.jpg""},{""Product Gallery Images"":"""",""Product Gallery Images-src"":""https://c1.neweggimages.com/ProductImageCompressAll60/24-475-360-20.jpg""},{""Product Gallery Images"":"""",""Product Gallery Images-src"":""https://c1.neweggimages.com/ProductImageCompressAll60/24-475-360-21.jpg""},{""Product Gallery Images"":"""",""Product Gallery Images-src"":""https://c1.neweggimages.com/ProductImageCompressAll60/24-475-360-23.jpg""},{""Product Gallery Images"":"""",""Product Gallery Images-src"":""https://c1.neweggimages.com/ProductImageCompressAll60/24-475-360-24.jpg""},{""Product Gallery Images"":"""",""Product Gallery Images-src"":""https://c1.neweggimages.com/ProductImageCompressAll60/24-475-360-25.jpg""},{""Product Gallery Images"":"""",""Product Gallery Images-src"":""https://c1.neweggimages.com/ProductImageCompressAll60/24-475-360-26.jpg""},{""Product Gallery Images"":"""",""Product Gallery Images-src"":""https://c1.neweggimages.com/ProductImageCompressAll60/24-475-360-27.jpg""}]",""
"1720634416-12","https://www.newegg.ca/Gaming-Monitors/SubCategory/ID-3743","LG 24GN60R-B 24"" Full HD 1920 x 1080 UltraGear IPS 1ms 144Hz HDR Monitor with FreeSync Premium Gaming Monitor","https://www.newegg.ca/p/N82E16824026341","LG 24GN60R-B 24"" Full HD 1920 x 1080 UltraGear IPS 1ms 144Hz HDR Monitor with FreeSync Premium Gaming Monitor","1920 x 1080 144 Hz 24"" FHD (1920 x 1080) IPS Display 1ms (GtG) Response TimeHDMI DisplayPort 1,000:1 16.7 Million Tilt VESA Compatibility - Mountable","$169.99","https://c1.neweggimages.com/ProductImageCompressAll60/24-026-341-07.png","[{""Product Gallery Images"":"""",""Product Gallery Images-src"":""https://c1.neweggimages.com/ProductImageCompressAll60/24-026-341-07.png""},{""Product Gallery Images"":"""",""Product Gallery Images-src"":""https://c1.neweggimages.com/ProductImageCompressAll60/24-026-341-08.png""},{""Product Gallery Images"":"""",""Product Gallery Images-src"":""https://c1.neweggimages.com/ProductImageCompressAll60/24-026-341-09.png""},{""Product Gallery Images"":"""",""Product Gallery Images-src"":""https://c1.neweggimages.com/ProductImageCompressAll60/24-026-341-10.png""},{""Product Gallery Images"":"""",""Product Gallery Images-src"":""https://c1.neweggimages.com/ProductImageCompressAll60/24-026-341-11.png""},{""Product Gallery Images"":"""",""Product Gallery Images-src"":""https://c1.neweggimages.com/ProductImageCompressAll60/24-026-341-12.png""},{""Product Gallery Images"":"""",""Product Gallery Images-src"":""https://c1.neweggimages.com/ProductImageCompressAll60/24-026-341-13.png""},{""Product Gallery Images"":"""",""Product Gallery Images-src"":""https://c1.neweggimages.com/ProductImageCompressAll60/24-026-341-14.png""}]",""
"1720634418-13","https://www.newegg.ca/Gaming-Monitors/SubCategory/ID-3743","SAMSUNG Odyssey LS28BG702ENXGO G70B 28"" UHD 4K IPS 144 Hz 1ms with G-Sync Gaming Monitor Built-in Speakers Gaming Monitor","https://www.newegg.ca/p/N82E16824027214","SAMSUNG Odyssey LS28BG702ENXGO G70B 28"" UHD 4K IPS 144 Hz 1ms with G-Sync Gaming Monitor Built-in Speakers Gaming Monitor","UHD RESOLUTION & IPS PANEL3840 x 2160 (4K) 144 Hz 1 ms (GTG)1,000:1 (Typ.) DISPLAYHDR 400G-SYNC & FREESYNC PREMIUM PROSAMSUNG GAMING HUBGAME BARERGONOMIC STAND1 x DisplayPort 1.4 / 2 x HDMI 2.1","$999.99","https://c1.neweggimages.com/ProductImageCompressAll60/24-027-214-49.jpg","[{""Product Gallery Images"":"""",""Product Gallery Images-src"":""https://c1.neweggimages.com/ProductImageCompressAll60/24-027-214-49.jpg""},{""Product Gallery Images"":"""",""Product Gallery Images-src"":""https://c1.neweggimages.com/ProductImageCompressAll60/24-027-214-50.jpg""},{""Product Gallery Images"":"""",""Product Gallery Images-src"":""https://c1.neweggimages.com/ProductImageCompressAll60/24-027-214-47.jpg""},{""Product Gallery Images"":"""",""Product Gallery Images-src"":""https://c1.neweggimages.com/ProductImageCompressAll60/24-027-214-19.jpg""},{""Product Gallery Images"":"""",""Product Gallery Images-src"":""https://c1.neweggimages.com/ProductImageCompressAll60/24-027-214-21.jpg""},{""Product Gallery Images"":"""",""Product Gallery Images-src"":""https://c1.neweggimages.com/ProductImageCompressAll60/24-027-214-22.jpg""},{""Product Gallery Images"":"""",""Product Gallery Images-src"":""https://c1.neweggimages.com/ProductImageCompressAll60/24-027-214-32.jpg""},{""Product Gallery Images"":"""",""Product Gallery Images-src"":""https://c1.neweggimages.com/ProductImageCompressAll60/24-027-214-33.jpg""},{""Product Gallery Images"":"""",""Product Gallery Images-src"":""https://c1.neweggimages.com/ProductImageCompressAll60/24-027-214-34.jpg""},{""Product Gallery Images"":"""",""Product Gallery Images-src"":""https://c1.neweggimages.com/ProductImageCompressAll60/24-027-214-36.jpg""},{""Product Gallery Images"":"""",""Product Gallery Images-src"":""https://c1.neweggimages.com/ProductImageCompressAll60/24-027-214-37.jpg""},{""Product Gallery Images"":"""",""Product Gallery Images-src"":""https://c1.neweggimages.com/ProductImageCompressAll60/24-027-214-38.jpg""},{""Product Gallery Images"":"""",""Product Gallery Images-src"":""https://c1.neweggimages.com/ProductImageCompressAll60/24-027-214-39.jpg""},{""Product Gallery Images"":"""",""Product Gallery Images-src"":""https://c1.neweggimages.com/ProductImageCompressAll60/24-027-214-40.jpg""},{""Product Gallery Images"":"""",""Product Gallery Images-src"":""https://c1.neweggimages.com/ProductImageCompressAll60/24-027-214-41.jpg""},{""Product Gallery Images"":"""",""Product Gallery Images-src"":""https://c1.neweggimages.com/ProductImageCompressAll60/24-027-214-42.jpg""},{""Product Gallery Images"":"""",""Product Gallery Images-src"":""https://c1.neweggimages.com/ProductImageCompressAll60/24-027-214-43.jpg""}]",""
"1720634421-14","https://www.newegg.ca/Gaming-Monitors/SubCategory/ID-3743","ASUS TUF Gaming 27"" 1440P HDR Monitor (VG27AQ3A) - QHD (2560 x 1440), 180Hz, 1ms, Fast IPS, 130% sRGB, Extreme Low Motion Blur Sync, Speakers, Freesync Premium, G-SYNC Compatible, HDMI, DisplayPort","https://www.newegg.ca/p/N82E16824281271","ASUS TUF Gaming 27"" 1440P HDR Monitor (VG27AQ3A) - QHD (2560 x 1440), 180Hz, 1ms, Fast IPS, 130% sRGB, Extreme Low Motion Blur Sync, Speakers, Freesync Premium, G-SYNC Compatible, HDMI, DisplayPort,180Hz IPS,","27-inch QHD (2560 x 1440) gaming monitor with 180Hz refresh rate designed for professional gamers and immersive gameplayASUS Extreme Low Motion Blur Sync (ELMB Sync) technology enables ELMB and variable-refresh-rate technologies to work simultaneously to eliminate ghosting and tearing for sharp gaming visuals with high frame ratesFreeSync Premium, G-Sync compatible and AdaptiveSync technology delivers a seamless, tear-free gaming experience by enabling VRR (variable refresh rate) by defaultHigh Dynamic Range (HDR) technology supports HDR-10 format to enhance bright and dark areasWhat's in the box: DisplayPort cable, L-shaped Screwdriver, Power cord, Power adapter, Quick start guide, Warranty CardFree 3-month Adobe Creative Cloud Subscription: Receive complimentary access with the purchase of this product (offer valid from 9/15/2021 to 8/31/2024)","$299.99","https://c1.neweggimages.com/ProductImageCompressAll60/24-281-271-01.jpg","[{""Product Gallery Images"":"""",""Product Gallery Images-src"":""https://c1.neweggimages.com/ProductImageCompressAll60/24-281-271-01.jpg""},{""Product Gallery Images"":"""",""Product Gallery Images-src"":""https://c1.neweggimages.com/ProductImageCompressAll60/24-281-271-02.jpg""},{""Product Gallery Images"":"""",""Product Gallery Images-src"":""https://c1.neweggimages.com/ProductImageCompressAll60/24-281-271-08.jpg""},{""Product Gallery Images"":"""",""Product Gallery Images-src"":""https://c1.neweggimages.com/ProductImageCompressAll60/24-281-271-03.jpg""},{""Product Gallery Images"":"""",""Product Gallery Images-src"":""https://c1.neweggimages.com/ProductImageCompressAll60/24-281-271-04.jpg""},{""Product Gallery Images"":"""",""Product Gallery Images-src"":""https://c1.neweggimages.com/ProductImageCompressAll60/24-281-271-05.jpg""},{""Product Gallery Images"":"""",""Product Gallery Images-src"":""https://c1.neweggimages.com/ProductImageCompressAll60/24-281-271-06.jpg""},{""Product Gallery Images"":"""",""Product Gallery Images-src"":""https://c1.neweggimages.com/ProductImageCompressAll60/24-281-271-07.jpg""}]",""
"1720634424-15","https://www.newegg.ca/Gaming-Monitors/SubCategory/ID-3743","GIGABYTE - GS27F - 27"" IPS Gaming Monitor - FHD 1920x1080 - 165Hz/OC 170Hz - 1ms MPRT - AMD FreeSync Premium - HDMI, DP - Black","https://www.newegg.ca/p/N82E16824012066","GIGABYTE - GS27F - 27"" IPS Gaming Monitor - FHD 1920x1080 - 165Hz/OC 170Hz - 1ms MPRT - AMD FreeSync Premium - HDMI, DP - Black","Resolution & Panel: 27"" FHD 1920x1080 IPS Gaming MonitorRefresh Rate & Response: 165Hz/OC 170Hz refresh rate, 1ms MPRT response timeColor Accuracy: 105% sRGB, 8 bitSpecial Features: HDR Ready, TÜV Rheinland Certified, HBR3, AMD FreeSync PremiumConnectivity: 2x HDMI 2.0, 1x Displayport 1.4, 1x Earphone JackVESA Wall Mount Compatible 100*100mmAccessories: U.S. Power cable, HDMI cable, QSG, Warranty card","$189.99","https://c1.neweggimages.com/ProductImageCompressAll60/24-012-066-18.jpg","[{""Product Gallery Images"":"""",""Product Gallery Images-src"":""https://c1.neweggimages.com/ProductImageCompressAll60/24-012-066-18.jpg""},{""Product Gallery Images"":"""",""Product Gallery Images-src"":""https://c1.neweggimages.com/ProductImageCompressAll60/24-012-066-19.jpg""},{""Product Gallery Images"":"""",""Product Gallery Images-src"":""https://c1.neweggimages.com/ProductImageCompressAll60/24-012-066-20.jpg""},{""Product Gallery Images"":"""",""Product Gallery Images-src"":""https://c1.neweggimages.com/ProductImageCompressAll60/24-012-066-21.jpg""},{""Product Gallery Images"":"""",""Product Gallery Images-src"":""https://c1.neweggimages.com/ProductImageCompressAll60/24-012-066-22.jpg""}]",""
"1720634426-16","https://www.newegg.ca/Gaming-Monitors/SubCategory/ID-3743","LG UltraGear 27GL83A-B 27"" QHD 2560 x 1440 (2K) 144 Hz 1ms HDMI, DisplayPort, Audio NVIDIA G-Sync Compatible IPS Gaming Monitor","https://www.newegg.ca/p/N82E16824026281","LG UltraGear 27GL83A-B 27"" QHD 2560 x 1440 (2K) 144 Hz 1ms HDMI, DisplayPort, Audio NVIDIA G-Sync Compatible IPS Gaming Monitor","2560 x 1440 (2K) 144 Hz 1 ms (GtG at Faster)HDMI DisplayPort 1,000:1 1.07 Billion Height, Pivot, Tilt VESA 100 x 100","$399.99","https://c1.neweggimages.com/ProductImageCompressAll60/24-026-281-V01.jpg","[{""Product Gallery Images"":"""",""Product Gallery Images-src"":""https://c1.neweggimages.com/ProductImageCompressAll60/24-026-281-V01.jpg""},{""Product Gallery Images"":"""",""Product Gallery Images-src"":""https://c1.neweggimages.com/ProductImageCompressAll60/24-026-281-V05.jpg""},{""Product Gallery Images"":"""",""Product Gallery Images-src"":""https://c1.neweggimages.com/ProductImageCompressAll60/24-026-281-V07.jpg""},{""Product Gallery Images"":"""",""Product Gallery Images-src"":""https://c1.neweggimages.com/ProductImageCompressAll60/24-026-281-V81.jpg""},{""Product Gallery Images"":"""",""Product Gallery Images-src"":""https://c1.neweggimages.com/ProductImageCompressAll60/24-026-281-V03.jpg""},{""Product Gallery Images"":"""",""Product Gallery Images-src"":""https://c1.neweggimages.com/ProductImageCompressAll60/24-026-281-V09.jpg""},{""Product Gallery Images"":"""",""Product Gallery Images-src"":""https://c1.neweggimages.com/ProductImageCompressAll60/24-026-281-V02.jpg""},{""Product Gallery Images"":"""",""Product Gallery Images-src"":""https://c1.neweggimages.com/ProductImageCompressAll60/24-026-281-V10.jpg""},{""Product Gallery Images"":"""",""Product Gallery Images-src"":""https://c1.neweggimages.com/ProductImageCompressAll60/24-026-281-V14.jpg""},{""Product Gallery Images"":"""",""Product Gallery Images-src"":""https://c1.neweggimages.com/ProductImageCompressAll60/24-026-281-V12.jpg""},{""Product Gallery Images"":"""",""Product Gallery Images-src"":""https://c1.neweggimages.com/ProductImageCompressAll60/24-026-281-V11.jpg""},{""Product Gallery Images"":"""",""Product Gallery Images-src"":""https://c1.neweggimages.com/ProductImageCompressAll60/24-026-281-V06.jpg""},{""Product Gallery Images"":"""",""Product Gallery Images-src"":""https://c1.neweggimages.com/ProductImageCompressAll60/24-026-281-V04.jpg""},{""Product Gallery Images"":"""",""Product Gallery Images-src"":""https://c1.neweggimages.com/ProductImageCompressAll60/24-026-281-V08.jpg""},{""Product Gallery Images"":"""",""Product Gallery Images-src"":""https://c1.neweggimages.com/ProductImageCompressAll60/24-026-281-V82.jpg""},{""Product Gallery Images"":"""",""Product Gallery Images-src"":""https://c1.neweggimages.com/ProductImageCompressAll60/24-026-281-V13.jpg""},{""Product Gallery Images"":"""",""Product Gallery Images-src"":""https://c1.neweggimages.com/ProductImageCompressAll60/24-026-281-V80.jpg""}]",""
"1720634428-17","https://www.newegg.ca/Gaming-Monitors/SubCategory/ID-3743","MSI 34"" 175 Hz QD-OLED UWQHD Curved Gaming Monitor 3440 x 1440 (2K) MAG 341CQP QD-OLED","https://www.newegg.ca/p/N82E16824475350","MSI 34"" 175 Hz QD-OLED UWQHD Curved Gaming Monitor 3440 x 1440 (2K) MAG 341CQP QD-OLED","Next-Gen QD-OLED Panel - With stunning image quality and fast response time.Fastest 0.03ms GtG response time and 175Hz refresh rate.QD Premium Color - Ensures the color meets the market standard - Delta E<=2.Incredible HDR visual - VESA DisplayHDR True Black 400.Gaming Intelligence App - Create the perfect viewing settings for your games.MSI OLED Care 2.0 - Reduced the risk of OLED image sticking / burn-in.KVM - Control multiple devices via one set of keyboard, mouse, and monitor.Console Mode - Provide HDMI 2.1 with a full 48 Gbps bandwidth.3-Year Burn-In Warranty - Including coverage for OLED burn in.","$999.00","https://c1.neweggimages.com/ProductImageCompressAll60/24-475-350-11.jpg","[{""Product Gallery Images"":"""",""Product Gallery Images-src"":""https://c1.neweggimages.com/ProductImageCompressAll60/24-475-350-11.jpg""},{""Product Gallery Images"":"""",""Product Gallery Images-src"":""https://c1.neweggimages.com/ProductImageCompressAll60/24-475-350-12.jpg""},{""Product Gallery Images"":"""",""Product Gallery Images-src"":""https://c1.neweggimages.com/ProductImageCompressAll60/24-475-350-16.jpg""},{""Product Gallery Images"":"""",""Product Gallery Images-src"":""https://c1.neweggimages.com/ProductImageCompressAll60/24-475-350-17.jpg""},{""Product Gallery Images"":"""",""Product Gallery Images-src"":""https://c1.neweggimages.com/ProductImageCompressAll60/24-475-350-18.jpg""},{""Product Gallery Images"":"""",""Product Gallery Images-src"":""https://c1.neweggimages.com/ProductImageCompressAll60/24-475-350-19.jpg""},{""Product Gallery Images"":"""",""Product Gallery Images-src"":""https://c1.neweggimages.com/ProductImageCompressAll60/24-475-350-20.jpg""},{""Product Gallery Images"":"""",""Product Gallery Images-src"":""https://c1.neweggimages.com/ProductImageCompressAll60/24-475-350-21.jpg""},{""Product Gallery Images"":"""",""Product Gallery Images-src"":""https://c1.neweggimages.com/ProductImageCompressAll60/24-475-350-22.jpg""},{""Product Gallery Images"":"""",""Product Gallery Images-src"":""https://c1.neweggimages.com/ProductImageCompressAll60/24-475-350-23.jpg""},{""Product Gallery Images"":"""",""Product Gallery Images-src"":""https://c1.neweggimages.com/ProductImageCompressAll60/24-475-350-25.jpg""},{""Product Gallery Images"":"""",""Product Gallery Images-src"":""https://c1.neweggimages.com/ProductImageCompressAll60/24-475-350-13.jpg""},{""Product Gallery Images"":"""",""Product Gallery Images-src"":""https://c1.neweggimages.com/ProductImageCompressAll60/24-475-350-14.jpg""},{""Product Gallery Images"":"""",""Product Gallery Images-src"":""https://c1.neweggimages.com/ProductImageCompressAll60/24-475-350-15.jpg""},{""Product Gallery Images"":"""",""Product Gallery Images-src"":""https://c1.neweggimages.com/ProductImageCompressAll60/24-475-350-26.jpg""},{""Product Gallery Images"":"""",""Product Gallery Images-src"":""https://c1.neweggimages.com/ProductImageCompressAll60/24-475-350-27.jpg""},{""Product Gallery Images"":"""",""Product Gallery Images-src"":""https://c1.neweggimages.com/ProductImageCompressAll60/24-475-350-28.jpg""},{""Product Gallery Images"":"""",""Product Gallery Images-src"":""https://c1.neweggimages.com/ProductImageCompressAll60/24-475-350-29.jpg""},{""Product Gallery Images"":"""",""Product Gallery Images-src"":""https://c1.neweggimages.com/ProductImageCompressAll60/24-475-350-30.jpg""}]",""
"1720634431-18","https://www.newegg.ca/Gaming-Monitors/SubCategory/ID-3743","MSI 27"" 240 Hz Rapid IPS QHD Gaming Monitor G-Sync Compatible 2560 x 1440 (2K) G274QPX","https://www.newegg.ca/p/N82E16824475302","MSI 27"" 240 Hz Rapid IPS QHD Gaming Monitor G-Sync Compatible 2560 x 1440 (2K) G274QPX","Super Fast 240Hz with HDR400Flat screen for eSports experienceNVIDIA G-Sync CompatibleRapid  IPS Panel for better color contrast & accuracyHeight adjustable armSuper narrow bezel for max viewing sizeMSI Gaming OSDRGB gaming LED finishingHDR ready provides eye-catching detail in gaming","$489.99","https://c1.neweggimages.com/ProductImageCompressAll60/24-475-302-34.jpg","[{""Product Gallery Images"":"""",""Product Gallery Images-src"":""https://c1.neweggimages.com/ProductImageCompressAll60/24-475-302-34.jpg""},{""Product Gallery Images"":"""",""Product Gallery Images-src"":""https://c1.neweggimages.com/ProductImageCompressAll60/24-475-302-38.jpg""},{""Product Gallery Images"":"""",""Product Gallery Images-src"":""https://c1.neweggimages.com/ProductImageCompressAll60/24-475-302-39.jpg""},{""Product Gallery Images"":"""",""Product Gallery Images-src"":""https://c1.neweggimages.com/ProductImageCompressAll60/24-475-302-58.png""},{""Product Gallery Images"":"""",""Product Gallery Images-src"":""https://c1.neweggimages.com/ProductImageCompressAll60/24-475-302-59.png""},{""Product Gallery Images"":"""",""Product Gallery Images-src"":""https://c1.neweggimages.com/ProductImageCompressAll60/24-475-302-60.png""},{""Product Gallery Images"":"""",""Product Gallery Images-src"":""https://c1.neweggimages.com/ProductImageCompressAll60/24-475-302-61.png""},{""Product Gallery Images"":"""",""Product Gallery Images-src"":""https://c1.neweggimages.com/ProductImageCompressAll60/24-475-302-62.png""},{""Product Gallery Images"":"""",""Product Gallery Images-src"":""https://c1.neweggimages.com/ProductImageCompressAll60/24-475-302-77.png""},{""Product Gallery Images"":"""",""Product Gallery Images-src"":""https://c1.neweggimages.com/ProductImageCompressAll60/24-475-302-65.jpg""},{""Product Gallery Images"":"""",""Product Gallery Images-src"":""https://c1.neweggimages.com/ProductImageCompressAll60/24-475-302-70.jpg""},{""Product Gallery Images"":"""",""Product Gallery Images-src"":""https://c1.neweggimages.com/ProductImageCompressAll60/24-475-302-71.jpg""},{""Product Gallery Images"":"""",""Product Gallery Images-src"":""https://c1.neweggimages.com/ProductImageCompressAll60/24-475-302-72.jpg""},{""Product Gallery Images"":"""",""Product Gallery Images-src"":""https://c1.neweggimages.com/ProductImageCompressAll60/24-475-302-73.jpg""},{""Product Gallery Images"":"""",""Product Gallery Images-src"":""https://c1.neweggimages.com/ProductImageCompressAll60/24-475-302-74.jpg""},{""Product Gallery Images"":"""",""Product Gallery Images-src"":""https://c1.neweggimages.com/ProductImageCompressAll60/24-475-302-78.png""},{""Product Gallery Images"":"""",""Product Gallery Images-src"":""https://c1.neweggimages.com/ProductImageCompressAll60/24-475-302-80.png""},{""Product Gallery Images"":"""",""Product Gallery Images-src"":""https://c1.neweggimages.com/ProductImageCompressAll60/24-475-302-82.png""},{""Product Gallery Images"":"""",""Product Gallery Images-src"":""https://c1.neweggimages.com/ProductImageCompressAll60/24-475-302-84.png""},{""Product Gallery Images"":"""",""Product Gallery Images-src"":""https://c1.neweggimages.com/ProductImageCompressAll60/24-475-302-86.png""}]",""
"1720634433-19","https://www.newegg.ca/Gaming-Monitors/SubCategory/ID-3743","MSI 32"" (31.5"" Viewable) 144 Hz VA UHD Gaming Monitor FreeSync Premium (AMD Adaptive Sync) 3840 x 2160 (4K) ADOBE RGB / DCI-P3 / SRGB 90% / 91% / 114% G321CU","https://www.newegg.ca/p/N82E16824475281","MSI 32"" (31.5"" Viewable) 144 Hz VA UHD Gaming Monitor FreeSync Premium (AMD Adaptive Sync) 3840 x 2160 (4K) ADOBE RGB / DCI-P3 / SRGB 90% / 91% / 114% G321CU","Curved Gaming display (1500R) – The best gameplay immersion.4K High Resolution - Game titles will even look better, displaying more details due to the 4K resolution.HDMI 2.1-Best solution for console users. 4K 120Hz with HDMI interface. Bandwidth is up to 48gbHDR Ready - Provide eye-catching detail through contrast and shadows adjustment.Night Vision - See every detail clearly in the dark, helping you find and attack enemies before they notice.Anti-Flicker and Less Blue Light – game even longer and prevent eye strain and fatique.Frameless design – Ultimate gameplay experience. 178° wide view angle.178° wide view angle.","$599.99","https://c1.neweggimages.com/ProductImageCompressAll60/24-475-281-09.jpg","[{""Product Gallery Images"":"""",""Product Gallery Images-src"":""https://c1.neweggimages.com/ProductImageCompressAll60/24-475-281-09.jpg""},{""Product Gallery Images"":"""",""Product Gallery Images-src"":""https://c1.neweggimages.com/ProductImageCompressAll60/24-475-281-10.jpg""},{""Product Gallery Images"":"""",""Product Gallery Images-src"":""https://c1.neweggimages.com/ProductImageCompressAll60/24-475-281-12.jpg""},{""Product Gallery Images"":"""",""Product Gallery Images-src"":""https://c1.neweggimages.com/ProductImageCompressAll60/24-475-281-13.jpg""},{""Product Gallery Images"":"""",""Product Gallery Images-src"":""https://c1.neweggimages.com/ProductImageCompressAll60/24-475-281-11.jpg""},{""Product Gallery Images"":"""",""Product Gallery Images-src"":""https://c1.neweggimages.com/ProductImageCompressAll60/24-475-281-14.jpg""},{""Product Gallery Images"":"""",""Product Gallery Images-src"":""https://c1.neweggimages.com/ProductImageCompressAll60/24-475-281-15.jpg""},{""Product Gallery Images"":"""",""Product Gallery Images-src"":""https://c1.neweggimages.com/ProductImageCompressAll60/24-475-281-20.jpg""},{""Product Gallery Images"":"""",""Product Gallery Images-src"":""https://c1.neweggimages.com/ProductImageCompressAll60/24-475-281-21.jpg""},{""Product Gallery Images"":"""",""Product Gallery Images-src"":""https://c1.neweggimages.com/ProductImageCompressAll60/24-475-281-22.jpg""},{""Product Gallery Images"":"""",""Product Gallery Images-src"":""https://c1.neweggimages.com/ProductImageCompressAll60/24-475-281-23.jpg""},{""Product Gallery Images"":"""",""Product Gallery Images-src"":""https://c1.neweggimages.com/ProductImageCompressAll60/24-475-281-24.jpg""},{""Product Gallery Images"":"""",""Product Gallery Images-src"":""https://c1.neweggimages.com/ProductImageCompressAll60/24-475-281-25.jpg""},{""Product Gallery Images"":"""",""Product Gallery Images-src"":""https://c1.neweggimages.com/ProductImageCompressAll60/24-475-281-26.jpg""}]",""
"1720634436-20","https://www.newegg.ca/Gaming-Monitors/SubCategory/ID-3743","MSI G273CQ 27"" QHD 2560 x 1440 (2K) 1ms (MPRT) / 4ms (GTG) 170 Hz FreeSync Premium Curved Gaming Monitor","https://www.newegg.ca/p/N82E16824475279","MSI G273CQ 27"" QHD 2560 x 1440 (2K) 1ms (MPRT) / 4ms (GTG) 170 Hz FreeSync Premium Curved Gaming Monitor","27"" VA QHD 2560 x 1440 (2K) 170 Hz FreeSync Premium 3000:1 16.7 Million Tilt Adjustment Tilt -5° ~ 20°        1 x DisplayPort 1.4a / 2 x HDMI 2.0 Power Cord, HDMI Cable","$249.99","https://c1.neweggimages.com/ProductImageCompressAll60/24-475-279-26.jpg","[{""Product Gallery Images"":"""",""Product Gallery Images-src"":""https://c1.neweggimages.com/ProductImageCompressAll60/24-475-279-26.jpg""},{""Product Gallery Images"":"""",""Product Gallery Images-src"":""https://c1.neweggimages.com/ProductImageCompressAll60/24-475-279-21.jpg""},{""Product Gallery Images"":"""",""Product Gallery Images-src"":""https://c1.neweggimages.com/ProductImageCompressAll60/24-475-279-05.jpg""},{""Product Gallery Images"":"""",""Product Gallery Images-src"":""https://c1.neweggimages.com/ProductImageCompressAll60/24-475-279-08.jpg""},{""Product Gallery Images"":"""",""Product Gallery Images-src"":""https://c1.neweggimages.com/ProductImageCompressAll60/24-475-279-13.jpg""},{""Product Gallery Images"":"""",""Product Gallery Images-src"":""https://c1.neweggimages.com/ProductImageCompressAll60/24-475-279-24.jpg""},{""Product Gallery Images"":"""",""Product Gallery Images-src"":""https://c1.neweggimages.com/ProductImageCompressAll60/24-475-279-19.jpg""},{""Product Gallery Images"":"""",""Product Gallery Images-src"":""https://c1.neweggimages.com/ProductImageCompressAll60/24-475-279-31.jpg""},{""Product Gallery Images"":"""",""Product Gallery Images-src"":""https://c1.neweggimages.com/ProductImageCompressAll60/24-475-279-03.jpg""},{""Product Gallery Images"":"""",""Product Gallery Images-src"":""https://c1.neweggimages.com/ProductImageCompressAll60/24-475-279-27.jpg""},{""Product Gallery Images"":"""",""Product Gallery Images-src"":""https://c1.neweggimages.com/ProductImageCompressAll60/24-475-279-23.jpg""},{""Product Gallery Images"":"""",""Product Gallery Images-src"":""https://c1.neweggimages.com/ProductImageCompressAll60/24-475-279-04.jpg""},{""Product Gallery Images"":"""",""Product Gallery Images-src"":""https://c1.neweggimages.com/ProductImageCompressAll60/24-475-279-33.png""},{""Product Gallery Images"":"""",""Product Gallery Images-src"":""https://c1.neweggimages.com/ProductImageCompressAll60/24-475-279-11.png""},{""Product Gallery Images"":"""",""Product Gallery Images-src"":""https://c1.neweggimages.com/ProductImageCompressAll60/24-475-279-09.jpg""},{""Product Gallery Images"":"""",""Product Gallery Images-src"":""https://c1.neweggimages.com/ProductImageCompressAll60/24-475-279-20.png""},{""Product Gallery Images"":"""",""Product Gallery Images-src"":""https://c1.neweggimages.com/ProductImageCompressAll60/24-475-279-25.png""},{""Product Gallery Images"":"""",""Product Gallery Images-src"":""https://c1.neweggimages.com/ProductImageCompressAll60/24-475-279-32.png""},{""Product Gallery Images"":"""",""Product Gallery Images-src"":""https://c1.neweggimages.com/ProductImageCompressAll60/24-475-279-22.png""},{""Product Gallery Images"":"""",""Product Gallery Images-src"":""https://c1.neweggimages.com/ProductImageCompressAll60/24-475-279-14.png""}]",""
"1720634438-21","https://www.newegg.ca/Gaming-Monitors/SubCategory/ID-3743","LG 32"" (31.5"" Viewable) 165 Hz IPS QHD Gaming Monitor FreeSync Premium & G-Sync Compatible 2560 x 1440 (2K) sRGB 99% (CIE1931) UltraGear 32GP750-B","https://www.newegg.ca/p/N82E16824026321","LG 32"" (31.5"" Viewable) 165 Hz IPS QHD Gaming Monitor FreeSync Premium & G-Sync Compatible 2560 x 1440 (2K) sRGB 99% (CIE1931) UltraGear 32GP750-B","32"" QHD (2560 x 1440) Display IPS 1ms (GtG) 165Hz Refresh Rate VESA DisplayHDR 400NVIDIA G-SYNC Compatible AMD FreeSync Premium","$379.99","https://c1.neweggimages.com/ProductImageCompressAll60/24-026-321-11.jpg","[{""Product Gallery Images"":"""",""Product Gallery Images-src"":""https://c1.neweggimages.com/ProductImageCompressAll60/24-026-321-11.jpg""},{""Product Gallery Images"":"""",""Product Gallery Images-src"":""https://c1.neweggimages.com/ProductImageCompressAll60/24-026-321-13.jpg""},{""Product Gallery Images"":"""",""Product Gallery Images-src"":""https://c1.neweggimages.com/ProductImageCompressAll60/24-026-321-14.jpg""},{""Product Gallery Images"":"""",""Product Gallery Images-src"":""https://c1.neweggimages.com/ProductImageCompressAll60/24-026-321-15.jpg""},{""Product Gallery Images"":"""",""Product Gallery Images-src"":""https://c1.neweggimages.com/ProductImageCompressAll60/24-026-321-12.jpg""},{""Product Gallery Images"":"""",""Product Gallery Images-src"":""https://c1.neweggimages.com/ProductImageCompressAll60/24-026-321-16.jpg""},{""Product Gallery Images"":"""",""Product Gallery Images-src"":""https://c1.neweggimages.com/ProductImageCompressAll60/24-026-321-10.jpg""},{""Product Gallery Images"":"""",""Product Gallery Images-src"":""https://c1.neweggimages.com/ProductImageCompressAll60/24-026-321-08.jpg""},{""Product Gallery Images"":"""",""Product Gallery Images-src"":""https://c1.neweggimages.com/ProductImageCompressAll60/24-026-321-07.jpg""},{""Product Gallery Images"":"""",""Product Gallery Images-src"":""https://c1.neweggimages.com/ProductImageCompressAll60/24-026-321-09.jpg""}]",""
"1720634441-22","https://www.newegg.ca/Gaming-Monitors/SubCategory/ID-3743","MSI 34"" 180 Hz VA UWQHD Gaming Monitor 3440x1440 (UWQHD) MAG345CQR","https://www.newegg.ca/p/N82E16824475371","MSI 34"" 180 Hz VA UWQHD Gaming Monitor 3440x1440 (UWQHD) MAG345CQR","Enjoy the most immersive gameplay with a 1000R curvature rate180Hz High Refresh RateEliminate screen tearing and choppy frame rates with a 1ms(MPRT) response timeThe mesmerizing RGB lights on the back of the screen create a stunning visual displayHDR Ready. Provide eye-catching detail through contrast and shadows adjustmentPerfectly supports 120Hz at QHD/2K resolution with next-gen consoles like PS5 and Xbox series X/S","$399.99","https://c1.neweggimages.com/ProductImageCompressAll60/24-475-371-01.png","[{""Product Gallery Images"":"""",""Product Gallery Images-src"":""https://c1.neweggimages.com/ProductImageCompressAll60/24-475-371-01.png""},{""Product Gallery Images"":"""",""Product Gallery Images-src"":""https://c1.neweggimages.com/ProductImageCompressAll60/24-475-371-03.png""},{""Product Gallery Images"":"""",""Product Gallery Images-src"":""https://c1.neweggimages.com/ProductImageCompressAll60/24-475-371-02.png""},{""Product Gallery Images"":"""",""Product Gallery Images-src"":""https://c1.neweggimages.com/ProductImageCompressAll60/24-475-371-04.png""},{""Product Gallery Images"":"""",""Product Gallery Images-src"":""https://c1.neweggimages.com/ProductImageCompressAll60/24-475-371-05.png""}]",""
"1720634443-23","https://www.newegg.ca/Gaming-Monitors/SubCategory/ID-3743","LG UltraGear 27GQ50F-B 27"" Full HD 1920 x 1080 165 Hz HDMI, DisplayPort, Audio FreeSync Premium (AMD Adaptive Sync) Gaming Monitor","https://www.newegg.ca/p/N82E16824026317","LG UltraGear 27GQ50F-B 27"" Full HD 1920 x 1080 165 Hz HDMI, DisplayPort, Audio FreeSync Premium (AMD Adaptive Sync) Gaming Monitor","27"" UltraGear Full HD (1920 x 1080) Gaming Monitor165Hz Refresh Rate1ms MBRAMD FreeSync PremiumGaming UI3-side Virtually Borderless1 x DisplayPort / 2 x HDMI","$199.99","https://c1.neweggimages.com/ProductImageCompressAll60/24-026-317-01.jpg","[{""Product Gallery Images"":"""",""Product Gallery Images-src"":""https://c1.neweggimages.com/ProductImageCompressAll60/24-026-317-01.jpg""},{""Product Gallery Images"":"""",""Product Gallery Images-src"":""https://c1.neweggimages.com/ProductImageCompressAll60/24-026-317-03.jpg""},{""Product Gallery Images"":"""",""Product Gallery Images-src"":""https://c1.neweggimages.com/ProductImageCompressAll60/24-026-317-02.jpg""},{""Product Gallery Images"":"""",""Product Gallery Images-src"":""https://c1.neweggimages.com/ProductImageCompressAll60/24-026-317-04.jpg""},{""Product Gallery Images"":"""",""Product Gallery Images-src"":""https://c1.neweggimages.com/ProductImageCompressAll60/24-026-317-06.jpg""},{""Product Gallery Images"":"""",""Product Gallery Images-src"":""https://c1.neweggimages.com/ProductImageCompressAll60/24-026-317-07.jpg""},{""Product Gallery Images"":"""",""Product Gallery Images-src"":""https://c1.neweggimages.com/ProductImageCompressAll60/24-026-317-05.jpg""}]",""
"1720634446-24","https://www.newegg.ca/Gaming-Monitors/SubCategory/ID-3743","ASUS ROG Swift 32"" 4K OLED Gaming Monitor (PG32UCDM) - UHD (3840 x 2160), QD-OLED, 240Hz, 0.03ms, G-SYNC Compatible, Custom Heatsink, Graphene Film, 99% DCI-P3, True 10-bit, 90W USB-C","https://www.newegg.ca/black-asus-rog-swift-oled-pg32ucdm-31-5/p/N82E16824281297","ASUS ROG Swift 32"" 4K OLED Gaming Monitor (PG32UCDM) - UHD (3840 x 2160), QD-OLED, 240Hz, 0.03ms, G-SYNC Compatible, Custom Heatsink, Graphene Film, 99% DCI-P3, True 10-bit, 90W USB-C","32-inch 4K (3840 x 2160) QD-OLED gaming monitor with 240 Hz refresh rate and 0.03 ms (GTG) response time for immersive gamingHighly efficient custom heatsink, advanced airflow design, and graphene film for better heat management to reduce the risk of burn-inVESA DisplayHDR 400 True Black compliance, 99% DCI-P3 gamut, true 10-bit, and Delta E < 2 color difference for astonishing HDR performanceExtensive connectivity options include DisplayPort 1.4 (DSC), HDMI 2.1, and USB-C with 90 W Power DeliveryWhat's in the box: DisplayPort cable, HDMI Ultra High Speed Cable, ROG pouch, ROG sticker, USB 3.2 cable, USB-C cable, VESA mount kit, Power cord & adapter, Quick start guide, Warranty Card, Color pre-calibration report ASUS Rapid Replacement (ARR) 3 years warranty with cross shipping service includedFree 3-month Adobe Creative Cloud Subscription: Receive complimentary access with the purchase of this product (offer valid from 9/15/2021 to 8/31/2024)","$1,799.00","https://c1.neweggimages.com/ProductImageCompressAll60/24-281-297-40.jpg","[{""Product Gallery Images"":"""",""Product Gallery Images-src"":""https://c1.neweggimages.com/ProductImageCompressAll60/24-281-297-40.jpg""},{""Product Gallery Images"":"""",""Product Gallery Images-src"":""https://c1.neweggimages.com/ProductImageCompressAll60/24-281-297-35.jpg""},{""Product Gallery Images"":"""",""Product Gallery Images-src"":""https://c1.neweggimages.com/ProductImageCompressAll60/24-281-297-38.jpg""},{""Product Gallery Images"":"""",""Product Gallery Images-src"":""https://c1.neweggimages.com/ProductImageCompressAll60/24-281-297-37.jpg""},{""Product Gallery Images"":"""",""Product Gallery Images-src"":""https://c1.neweggimages.com/ProductImageCompressAll60/24-281-297-34.jpg""},{""Product Gallery Images"":"""",""Product Gallery Images-src"":""https://c1.neweggimages.com/ProductImageCompressAll60/24-281-297-36.jpg""},{""Product Gallery Images"":"""",""Product Gallery Images-src"":""https://c1.neweggimages.com/ProductImageCompressAll60/24-281-297-31.jpg""},{""Product Gallery Images"":"""",""Product Gallery Images-src"":""https://c1.neweggimages.com/ProductImageCompressAll60/24-281-297-33.jpg""},{""Product Gallery Images"":"""",""Product Gallery Images-src"":""https://c1.neweggimages.com/ProductImageCompressAll60/24-281-297-39.jpg""}]",""
"1720634448-25","https://www.newegg.ca/Gaming-Monitors/SubCategory/ID-3743","GIGABYTE - G27Q - 27"" IPS Gaming Monitor - QHD 2560x1440 - 144Hz - 1ms MPRT - AMD FreeSync Premium - HDMI, DP, USB-A - Height Adjustable - Black","https://www.newegg.ca/p/N82E16824012015","GIGABYTE - G27Q - 27"" IPS Gaming Monitor - QHD 2560x1440 - 144Hz - 1ms MPRT - AMD FreeSync Premium - HDMI, DP, USB-A - Height Adjustable - Black","Resolution & Panel: 27"" QHD 2560x1440 IPS Gaming MonitorRefresh Rate & Response: 144Hz refresh rate, 1ms MPRT response timeColor Accuracy: 92% DCI-P3, 8 bitSpecial Features: VESA DisplayHDR 400, TÜV Rheinland Certified, AMD FreeSync PremiumConnectivity: 2x HDMI 2.0, 1x Displayport 1.2, 2x USB 3.0 Downstream ports, 1x USB 3.0 Upstream port, 1x Earphone JackVESA Wall Mount Compatible 100*100mmAccessories: Power cables, HDMI cable, DP cable, USB cable, QSG, Warranty card","$299.99","https://c1.neweggimages.com/ProductImageCompressAll60/24-012-015-08.jpg","[{""Product Gallery Images"":"""",""Product Gallery Images-src"":""https://c1.neweggimages.com/ProductImageCompressAll60/24-012-015-08.jpg""},{""Product Gallery Images"":"""",""Product Gallery Images-src"":""https://c1.neweggimages.com/ProductImageCompressAll60/24-012-015-09.jpg""},{""Product Gallery Images"":"""",""Product Gallery Images-src"":""https://c1.neweggimages.com/ProductImageCompressAll60/24-012-015-10.jpg""},{""Product Gallery Images"":"""",""Product Gallery Images-src"":""https://c1.neweggimages.com/ProductImageCompressAll60/24-012-015-11.jpg""},{""Product Gallery Images"":"""",""Product Gallery Images-src"":""https://c1.neweggimages.com/ProductImageCompressAll60/24-012-015-12.jpg""}]",""
"1720634451-26","https://www.newegg.ca/Gaming-Monitors/SubCategory/ID-3743","MSI 32"" (31.5"" Viewable) 170 Hz VA QHD Gaming Monitor FreeSync Premium (AMD Adaptive Sync) 2560 x 1440 (2K) 91% DCI-P3 / 114.8% sRGB G32CQ4 E2","https://www.newegg.ca/p/N82E16824475287","MSI 32"" (31.5"" Viewable) 170 Hz VA QHD Gaming Monitor FreeSync Premium (AMD Adaptive Sync) 2560 x 1440 (2K) 91% DCI-P3 / 114.8% sRGB G32CQ4 E2","Curved Gaming display (1500R) - The best gameplay immersion.170Hz Refresh Rate - Real smooth gaming.1ms response time - eliminate screen tearing and choppy frame rates.WQHD (2560 x 1440) - Game titles will even look better, displaying more details due to the WQHD (2560 x 1440) resolution.Wide Color Gamut - Game colors and details will look more realistic and refined, to push game immersion to its limits.Anti-Flicker and Less Blue Light - game even longer and prevent eye strain and fatique.Frameless design - Ultimate gameplay experience.178° wide view angle.HDR Ready-Provide eye-catching detail through contrast and shadows adjustment.","$259.99","https://c1.neweggimages.com/ProductImageCompressAll60/24-475-287-02.jpg","[{""Product Gallery Images"":"""",""Product Gallery Images-src"":""https://c1.neweggimages.com/ProductImageCompressAll60/24-475-287-02.jpg""},{""Product Gallery Images"":"""",""Product Gallery Images-src"":""https://c1.neweggimages.com/ProductImageCompressAll60/24-475-287-03.jpg""},{""Product Gallery Images"":"""",""Product Gallery Images-src"":""https://c1.neweggimages.com/ProductImageCompressAll60/24-475-287-07.jpg""},{""Product Gallery Images"":"""",""Product Gallery Images-src"":""https://c1.neweggimages.com/ProductImageCompressAll60/24-475-287-01.png""},{""Product Gallery Images"":"""",""Product Gallery Images-src"":""https://c1.neweggimages.com/ProductImageCompressAll60/24-475-287-04.jpg""},{""Product Gallery Images"":"""",""Product Gallery Images-src"":""https://c1.neweggimages.com/ProductImageCompressAll60/24-475-287-05.jpg""},{""Product Gallery Images"":"""",""Product Gallery Images-src"":""https://c1.neweggimages.com/ProductImageCompressAll60/24-475-287-17.jpg""},{""Product Gallery Images"":"""",""Product Gallery Images-src"":""https://c1.neweggimages.com/ProductImageCompressAll60/24-475-287-10.jpg""},{""Product Gallery Images"":"""",""Product Gallery Images-src"":""https://c1.neweggimages.com/ProductImageCompressAll60/24-475-287-11.jpg""},{""Product Gallery Images"":"""",""Product Gallery Images-src"":""https://c1.neweggimages.com/ProductImageCompressAll60/24-475-287-15.jpg""},{""Product Gallery Images"":"""",""Product Gallery Images-src"":""https://c1.neweggimages.com/ProductImageCompressAll60/24-475-287-08.jpg""},{""Product Gallery Images"":"""",""Product Gallery Images-src"":""https://c1.neweggimages.com/ProductImageCompressAll60/24-475-287-09.jpg""},{""Product Gallery Images"":"""",""Product Gallery Images-src"":""https://c1.neweggimages.com/ProductImageCompressAll60/24-475-287-12.jpg""},{""Product Gallery Images"":"""",""Product Gallery Images-src"":""https://c1.neweggimages.com/ProductImageCompressAll60/24-475-287-13.jpg""},{""Product Gallery Images"":"""",""Product Gallery Images-src"":""https://c1.neweggimages.com/ProductImageCompressAll60/24-475-287-14.png""},{""Product Gallery Images"":"""",""Product Gallery Images-src"":""https://c1.neweggimages.com/ProductImageCompressAll60/24-475-287-16.png""},{""Product Gallery Images"":"""",""Product Gallery Images-src"":""https://c1.neweggimages.com/ProductImageCompressAll60/24-475-287-19.jpg""},{""Product Gallery Images"":"""",""Product Gallery Images-src"":""https://c1.neweggimages.com/ProductImageCompressAll60/24-475-287-20.png""},{""Product Gallery Images"":"""",""Product Gallery Images-src"":""https://c1.neweggimages.com/ProductImageCompressAll60/24-475-287-21.png""},{""Product Gallery Images"":"""",""Product Gallery Images-src"":""https://c1.neweggimages.com/ProductImageCompressAll60/24-475-287-22.png""}]",""
"1720634453-27","https://www.newegg.ca/Gaming-Monitors/SubCategory/ID-3743","MSI MPG 321URX QD-OLED 32"" 16:9, QD-OLED Gaming Monitor, 240Hz 0.03ms, 3840 x 2160 (UHD), Height Adjustable Arm, RGB, AI ENGINE","https://www.newegg.ca/p/N82E16824475357","MSI MPG 321URX QD-OLED 32"" 16:9, QD-OLED Gaming Monitor, 240Hz 0.03ms, 3840 x 2160 (UHD), Height Adjustable Arm, RGB, AI ENGINE","Next-Gen QD-OLED Panel - With stunning image quality and fast response time.Fastest 0.03ms GtG response time and 240Hz refresh rate.QD Premium Color - Ensures the color meets the market standard - Delta E<=2.Incredible HDR visual - VESA DisplayHDR True Black 400.Gaming Intelligence App - Create the perfect viewing settings for your games.MSI OLED Care 2.0 - Reduced the risk of OLED image sticking / burn-in.KVM - Control multiple devices via one set of keyboard, mouse, and monitor.Mystic Light - The ultimate gaming finish.Console Mode - Provide HDMI 2.1 with a full 48 Gbps bandwidth.Adjustable Stand - Easily change the position of the monitor for maximum ergonomics.3-Year Burn-In Warranty - Including coverage for OLED burn in.","$1,349.99","https://c1.neweggimages.com/ProductImageCompressAll60/24-475-357-28.jpg","[{""Product Gallery Images"":"""",""Product Gallery Images-src"":""https://c1.neweggimages.com/ProductImageCompressAll60/24-475-357-28.jpg""},{""Product Gallery Images"":"""",""Product Gallery Images-src"":""https://c1.neweggimages.com/ProductImageCompressAll60/24-475-357-29.jpg""},{""Product Gallery Images"":"""",""Product Gallery Images-src"":""https://c1.neweggimages.com/ProductImageCompressAll60/24-475-357-33.jpg""},{""Product Gallery Images"":"""",""Product Gallery Images-src"":""https://c1.neweggimages.com/ProductImageCompressAll60/24-475-357-27.jpg""},{""Product Gallery Images"":"""",""Product Gallery Images-src"":""https://c1.neweggimages.com/ProductImageCompressAll60/24-475-357-31.jpg""},{""Product Gallery Images"":"""",""Product Gallery Images-src"":""https://c1.neweggimages.com/ProductImageCompressAll60/24-475-357-34.jpg""},{""Product Gallery Images"":"""",""Product Gallery Images-src"":""https://c1.neweggimages.com/ProductImageCompressAll60/24-475-357-35.jpg""},{""Product Gallery Images"":"""",""Product Gallery Images-src"":""https://c1.neweggimages.com/ProductImageCompressAll60/24-475-357-36.jpg""},{""Product Gallery Images"":"""",""Product Gallery Images-src"":""https://c1.neweggimages.com/ProductImageCompressAll60/24-475-357-38.jpg""},{""Product Gallery Images"":"""",""Product Gallery Images-src"":""https://c1.neweggimages.com/ProductImageCompressAll60/24-475-357-39.jpg""},{""Product Gallery Images"":"""",""Product Gallery Images-src"":""https://c1.neweggimages.com/ProductImageCompressAll60/24-475-357-26.jpg""},{""Product Gallery Images"":"""",""Product Gallery Images-src"":""https://c1.neweggimages.com/ProductImageCompressAll60/24-475-357-30.jpg""},{""Product Gallery Images"":"""",""Product Gallery Images-src"":""https://c1.neweggimages.com/ProductImageCompressAll60/24-475-357-32.jpg""}]",""
"1720634456-28","https://www.newegg.ca/Gaming-Monitors/SubCategory/ID-3743","ASUS VG248QG 24"" Full HD 1920 x 1080 0.5ms 165Hz(overclockable) Gaming Monitor, G-SYNC Compatible, Adaptive-Sync, ASUS Eye Care with Ultra Low-blue Light & Flicker-Free Technology","https://www.newegg.ca/black-asus-vg248qg-90lmgg901q022eul-24/p/N82E16824236978","ASUS VG248QG 24"" Full HD 1920 x 1080 0.5ms 165Hz(overclockable) Gaming Monitor, G-SYNC Compatible, Adaptive-Sync, ASUS Eye Care with Ultra Low-blue Light & Flicker-Free Technology","24"" Full HD gaming monitor with an ultra-fast 165Hz(overclockable) refresh rate and Adaptive-Sync technology to eliminate screen tearing and choppy frame ratesCertified as G-SYNC Compatible, delivering a seamless, tear-free gaming experience by enabling VRR (variable refresh rate) by default0.5ms response time for smooth gameplay, and ASUS Extreme Low Motion Blur (ELMB) Technology to further reduce ghosting and motion blurASUS-exclusive GamePlus hotkey for in-game enhancements while GameVisual for optimized visualsAsus Eye Care with Flicker-free and Ultra Low Blue Light technology to ensure a comfortable viewing experience","$249.99","https://c1.neweggimages.com/ProductImageCompressAll60/24-236-978-V01.jpg","[{""Product Gallery Images"":"""",""Product Gallery Images-src"":""https://c1.neweggimages.com/ProductImageCompressAll60/24-236-978-V01.jpg""},{""Product Gallery Images"":"""",""Product Gallery Images-src"":""https://c1.neweggimages.com/ProductImageCompressAll60/24-236-978-V90.jpg""},{""Product Gallery Images"":"""",""Product Gallery Images-src"":""https://c1.neweggimages.com/ProductImageCompressAll60/24-236-978-V02.jpg""},{""Product Gallery Images"":"""",""Product Gallery Images-src"":""https://c1.neweggimages.com/ProductImageCompressAll60/24-236-978-V91.jpg""},{""Product Gallery Images"":"""",""Product Gallery Images-src"":""https://c1.neweggimages.com/ProductImageCompressAll60/24-236-978-V03.jpg""},{""Product Gallery Images"":"""",""Product Gallery Images-src"":""https://c1.neweggimages.com/ProductImageCompressAll60/24-236-978-V05.jpg""},{""Product Gallery Images"":"""",""Product Gallery Images-src"":""https://c1.neweggimages.com/ProductImageCompressAll60/24-236-978-V92.jpg""},{""Product Gallery Images"":"""",""Product Gallery Images-src"":""https://c1.neweggimages.com/ProductImageCompressAll60/24-236-978-V04.jpg""}]",""
"1720634458-29","https://www.newegg.ca/Gaming-Monitors/SubCategory/ID-3743","GIGABYTE - AORUS FV43U - 43"" VA Gaming Monitor - UHD 3840x2160 - 144Hz - 1ms MPRT - AMD FreeSync Premium Pro - Type C KVM - HDMI, DP, Type C - Black","https://www.newegg.ca/p/N82E16824716002","GIGABYTE - AORUS FV43U - 43"" VA Gaming Monitor - UHD 3840x2160 - 144Hz - 1ms MPRT - AMD FreeSync Premium Pro - Type C KVM - HDMI, DP, Type C - Black","Resolution & Panel: 43"" UHD 3840x2160 VA Gaming MonitorRefresh Rate & Response: 144Hz refresh rate, 1ms MPRT response timeColor Accuracy: 97% DCI-P3, 8 bit + FRCSpecial Features: Type C KVM, VESA DisplayHDR 1000, AMD FreeSync Premium ProConnectivity: 1x Audio line-out, 1x Headphone Jack, 2x HDMI 2.1, 1x DisplayPort 1.4, 1x USB Type-C, 1x USB upstream, 2x USB 3.0VESA Wall Mount Compatible 200*200mmAccessories: Power cables, HDMI cable, DP cable, USB cable, QSG, Warranty card","$1,199.99","https://c1.neweggimages.com/ProductImageCompressAll60/24-716-002-02.jpg","[{""Product Gallery Images"":"""",""Product Gallery Images-src"":""https://c1.neweggimages.com/ProductImageCompressAll60/24-716-002-02.jpg""},{""Product Gallery Images"":"""",""Product Gallery Images-src"":""https://c1.neweggimages.com/ProductImageCompressAll60/24-716-002-03.jpg""},{""Product Gallery Images"":"""",""Product Gallery Images-src"":""https://c1.neweggimages.com/ProductImageCompressAll60/24-716-002-04.jpg""},{""Product Gallery Images"":"""",""Product Gallery Images-src"":""https://c1.neweggimages.com/ProductImageCompressAll60/24-716-002-05.jpg""},{""Product Gallery Images"":"""",""Product Gallery Images-src"":""https://c1.neweggimages.com/ProductImageCompressAll60/24-716-002-06.jpg""},{""Product Gallery Images"":"""",""Product Gallery Images-src"":""https://c1.neweggimages.com/ProductImageCompressAll60/24-716-002-07.jpg""}]",""
"1720634460-30","https://www.newegg.ca/Gaming-Monitors/SubCategory/ID-3743","LG 24MP60G-B 24"" Full HD 1920 x 1080 75 Hz 1 ms MBR D-Sub, HDMI, DisplayPort, Headphone Out FreeSync (AMD Adaptive Sync) IPS Gaming Monitor","https://www.newegg.ca/p/N82E16824026191","LG 24MP60G-B 24"" Full HD 1920 x 1080 75 Hz 1 ms MBR D-Sub, HDMI, DisplayPort, Headphone Out FreeSync (AMD Adaptive Sync) IPS Gaming Monitor","1920 x 1080 75 Hz 1 ms MBRD-Sub HDMI DisplayPort 1,000:1 16.7 Million Tilt VESA Compatibility - Mountable","$139.99","https://c1.neweggimages.com/ProductImageCompressAll60/24-026-191-V01.jpg","[{""Product Gallery Images"":"""",""Product Gallery Images-src"":""https://c1.neweggimages.com/ProductImageCompressAll60/24-026-191-V01.jpg""},{""Product Gallery Images"":"""",""Product Gallery Images-src"":""https://c1.neweggimages.com/ProductImageCompressAll60/24-026-191-V80.jpg""},{""Product Gallery Images"":"""",""Product Gallery Images-src"":""https://c1.neweggimages.com/ProductImageCompressAll60/24-026-191-V02.jpg""},{""Product Gallery Images"":"""",""Product Gallery Images-src"":""https://c1.neweggimages.com/ProductImageCompressAll60/24-026-191-V81.jpg""},{""Product Gallery Images"":"""",""Product Gallery Images-src"":""https://c1.neweggimages.com/ProductImageCompressAll60/24-026-191-V03.jpg""},{""Product Gallery Images"":"""",""Product Gallery Images-src"":""https://c1.neweggimages.com/ProductImageCompressAll60/24-026-191-V04.jpg""},{""Product Gallery Images"":"""",""Product Gallery Images-src"":""https://c1.neweggimages.com/ProductImageCompressAll60/24-026-191-V05.jpg""},{""Product Gallery Images"":"""",""Product Gallery Images-src"":""https://c1.neweggimages.com/ProductImageCompressAll60/24-026-191-V07.jpg""},{""Product Gallery Images"":"""",""Product Gallery Images-src"":""https://c1.neweggimages.com/ProductImageCompressAll60/24-026-191-V06.jpg""},{""Product Gallery Images"":"""",""Product Gallery Images-src"":""https://c1.neweggimages.com/ProductImageCompressAll60/24-026-191-V08.jpg""},{""Product Gallery Images"":"""",""Product Gallery Images-src"":""https://c1.neweggimages.com/ProductImageCompressAll60/24-026-191-V82.jpg""}]",""
"1720634463-31","https://www.newegg.ca/Gaming-Monitors/SubCategory/ID-3743","BenQ MOBIUZ EX240N 24"" (23.8"" Viewable) FHD 1920 x 1080 165 Hz HDMI, DisplayPort, Audio FreeSync Premium (AMD Adaptive Sync) Built-in Speakers Flat Panel Gaming Monitor","https://www.newegg.ca/dark-gray-benq-mobiuz-ex240n-24/p/N82E16824014916","BenQ MOBIUZ EX240N 24"" (23.8"" Viewable) FHD 1920 x 1080 165 Hz HDMI, DisplayPort, Audio FreeSync Premium (AMD Adaptive Sync) Built-in Speakers Flat Panel Gaming Monitor","1920 x 1080 165 Hz 3000:1 250 nits Brightness16.7 Million Tilt: -5° ~ 15° VESA Compatibility - Mountable","$179.99","https://c1.neweggimages.com/ProductImageCompressAll60/24-014-916-S05.jpg","[{""Product Gallery Images"":"""",""Product Gallery Images-src"":""https://c1.neweggimages.com/ProductImageCompressAll60/24-014-916-S05.jpg""},{""Product Gallery Images"":"""",""Product Gallery Images-src"":""https://c1.neweggimages.com/ProductImageCompressAll60/24-014-916-S06.jpg""},{""Product Gallery Images"":"""",""Product Gallery Images-src"":""https://c1.neweggimages.com/ProductImageCompressAll60/24-014-916-S08.jpg""},{""Product Gallery Images"":"""",""Product Gallery Images-src"":""https://c1.neweggimages.com/ProductImageCompressAll60/24-014-916-S07.jpg""},{""Product Gallery Images"":"""",""Product Gallery Images-src"":""https://c1.neweggimages.com/ProductImageCompressAll60/24-014-916-S04.jpg""},{""Product Gallery Images"":"""",""Product Gallery Images-src"":""https://c1.neweggimages.com/ProductImageCompressAll60/24-014-916-S03.jpg""},{""Product Gallery Images"":"""",""Product Gallery Images-src"":""https://c1.neweggimages.com/ProductImageCompressAll60/24-014-916-S02.jpg""},{""Product Gallery Images"":"""",""Product Gallery Images-src"":""https://c1.neweggimages.com/ProductImageCompressAll60/24-014-916-S01.jpg""}]",""
"1720634465-32","https://www.newegg.ca/Gaming-Monitors/SubCategory/ID-3743","BenQ MOBIUZ EX240 24"" (23.8"" Viewable) FHD 1920 x 1080 165 Hz HDMI, DisplayPort, Audio FreeSync Premium (AMD Adaptive Sync) Built-in Speakers Height Adjustable Flat Panel IPS Gaming Monitor","https://www.newegg.ca/dark-gray-benq-mobiuz-ex240-24/p/N82E16824014917","BenQ MOBIUZ EX240 24"" (23.8"" Viewable) FHD 1920 x 1080 165 Hz HDMI, DisplayPort, Audio FreeSync Premium (AMD Adaptive Sync) Built-in Speakers Height Adjustable Flat Panel IPS Gaming Monitor","1920 x 1080 165 Hz 1,000:1 350 nits Brightness16.7 Million Tilt (down/up): -5° ~ 15°Swivel: 15°/ 15°High adjustment: 100mm VESA Compatibility - Mountable","$209.99","https://c1.neweggimages.com/ProductImageCompressAll60/24-014-917-S05.jpg","[{""Product Gallery Images"":"""",""Product Gallery Images-src"":""https://c1.neweggimages.com/ProductImageCompressAll60/24-014-917-S05.jpg""},{""Product Gallery Images"":"""",""Product Gallery Images-src"":""https://c1.neweggimages.com/ProductImageCompressAll60/24-014-917-S04.jpg""},{""Product Gallery Images"":"""",""Product Gallery Images-src"":""https://c1.neweggimages.com/ProductImageCompressAll60/24-014-917-S06.jpg""},{""Product Gallery Images"":"""",""Product Gallery Images-src"":""https://c1.neweggimages.com/ProductImageCompressAll60/24-014-917-S08.jpg""},{""Product Gallery Images"":"""",""Product Gallery Images-src"":""https://c1.neweggimages.com/ProductImageCompressAll60/24-014-917-01.jpg""},{""Product Gallery Images"":"""",""Product Gallery Images-src"":""https://c1.neweggimages.com/ProductImageCompressAll60/24-014-917-S07.jpg""},{""Product Gallery Images"":"""",""Product Gallery Images-src"":""https://c1.neweggimages.com/ProductImageCompressAll60/24-014-917-S02.jpg""},{""Product Gallery Images"":"""",""Product Gallery Images-src"":""https://c1.neweggimages.com/ProductImageCompressAll60/24-014-917-S01.jpg""},{""Product Gallery Images"":"""",""Product Gallery Images-src"":""https://c1.neweggimages.com/ProductImageCompressAll60/24-014-917-S03.jpg""}]",""
"1720634468-33","https://www.newegg.ca/Gaming-Monitors/SubCategory/ID-3743","Z-EDGE UG27Q 27"" 2K QHD 2560x1440, 165Hz (DisplayPort), 1ms Curved Gaming Monitor, 144Hz (HDMI), HDR10, FreeSync, 2x HDMI 2.0, 2x DisplayPort 1.2, Eye-Care Technology, Built-in Speakers","https://www.newegg.ca/black-z-edge-gaming-monitor-ug32-27/p/3D4-004G-00018?Item=9SIBUTHK711359&cm_sp=SP-_-2468066-_-Pers_SubCategorySponsoredProduct-_-4-_-9SIBUTHK711359-_-3743-_--_-6","Z-EDGE UG27Q 27"" 2K QHD 2560x1440, 165Hz (DisplayPort), 1ms Curved Gaming Monitor, 144Hz (HDMI), HDR10, FreeSync, 2x HDMI 2.0, 2x DisplayPort 1.2, Eye-Care Technology, Built-in Speakers","27"" 2K QHD Curved Monitor.    Ultra-Slim Bezel.    178° Wide Angel Viewing.    165Hz (DisplayPort), 144Hz (HDMI).    1ms (MPRT).    Support AMD FreeSync.    2 x HDMI 2.0, 2 x DisplayPort 1.2.    Built-in Speakers (2 x 3W).    Eye-Care Technology.","$259.99","https://c1.neweggimages.com/ProductImageCompressAll60/AT2ES230421UveuW.jpg","[{""Product Gallery Images"":"""",""Product Gallery Images-src"":""https://c1.neweggimages.com/ProductImageCompressAll60/AT2ES230421UveuW.jpg""},{""Product Gallery Images"":"""",""Product Gallery Images-src"":""https://c1.neweggimages.com/ProductImageCompressAll60/AT2ES230421xThty.jpg""},{""Product Gallery Images"":"""",""Product Gallery Images-src"":""https://c1.neweggimages.com/ProductImageCompressAll60/AT2ES230421f9Us4.jpg""},{""Product Gallery Images"":"""",""Product Gallery Images-src"":""https://c1.neweggimages.com/ProductImageCompressAll60/AT2ES230421pgPHA.jpg""},{""Product Gallery Images"":"""",""Product Gallery Images-src"":""https://c1.neweggimages.com/ProductImageCompressAll60/AT2ES230421L0MAP.jpg""},{""Product Gallery Images"":"""",""Product Gallery Images-src"":""https://c1.neweggimages.com/ProductImageCompressAll60/AT2ES230421GnGRr.jpg""},{""Product Gallery Images"":"""",""Product Gallery Images-src"":""https://c1.neweggimages.com/ProductImageCompressAll60/AT2ES230421zegIK.jpg""}]",""
"1720634471-34","https://www.newegg.ca/Gaming-Monitors/SubCategory/ID-3743","GIGABYTE - M34WQ - 34"" IPS Ultrawide Gaming Monitor - WQHD 3440x1440 - 144Hz - 1ms MPRT - AMD FreeSync Premium - Type C KVM - HDMI, DP, Type C - Height Adjustable - Black","https://www.newegg.ca/p/N82E16824012043","GIGABYTE - M34WQ - 34"" IPS Ultrawide Gaming Monitor - WQHD 3440x1440 - 144Hz - 1ms MPRT - AMD FreeSync Premium - Type C KVM - HDMI, DP, Type C - Height Adjustable - Black","Resolution & Panel: 34"" WQHD 3440x1440 Ultrawide IPS Gaming MonitorRefresh Rate & Response: 144Hz refresh rate, 1ms MPRT response timeColor Accuracy: 91% DCI-P3, 8 bitSpecial Features: Type C KVM, VESA DisplayHDR 400, TÜV Rheinland Certified, HBR3, AMD FreeSync PremiumConnectivity: 2 x HDMI 2.0, 1 x Displayport 1.4, 1 x USB Type-C , 2 x USB 3.0 Downstream ports, 1 x USB 3.0 Upstream port, 1 x Earphone JackVESA Wall Mount Compatible 100*100mmAccessories: Power cables, HDMI cable, DP cable, USB cable, QSG, Warranty card","$529.99","https://c1.neweggimages.com/ProductImageCompressAll60/24-012-043-01.jpg","[{""Product Gallery Images"":"""",""Product Gallery Images-src"":""https://c1.neweggimages.com/ProductImageCompressAll60/24-012-043-01.jpg""},{""Product Gallery Images"":"""",""Product Gallery Images-src"":""https://c1.neweggimages.com/ProductImageCompressAll60/24-012-043-02.jpg""},{""Product Gallery Images"":"""",""Product Gallery Images-src"":""https://c1.neweggimages.com/ProductImageCompressAll60/24-012-043-03.jpg""},{""Product Gallery Images"":"""",""Product Gallery Images-src"":""https://c1.neweggimages.com/ProductImageCompressAll60/24-012-043-04.jpg""},{""Product Gallery Images"":"""",""Product Gallery Images-src"":""https://c1.neweggimages.com/ProductImageCompressAll60/24-012-043-05.jpg""},{""Product Gallery Images"":"""",""Product Gallery Images-src"":""https://c1.neweggimages.com/ProductImageCompressAll60/24-012-043-06.jpg""}]",""
"1720634473-35","https://www.newegg.ca/Gaming-Monitors/SubCategory/ID-3743","GIGABYTE - G34WQC Advanced - 34"" VA Curved Gaming Monitor - WQHD 3440x1440 - 144Hz - 1ms MPRT - AMD FreeSync Premium - HDMI, DP - Height Adjustable - Black","https://www.newegg.ca/p/N82E16824012046","GIGABYTE - G34WQC Advanced - 34"" VA Curved Gaming Monitor - WQHD 3440x1440 - 144Hz - 1ms MPRT - AMD FreeSync Premium - HDMI, DP - Height Adjustable - Black","Resolution & Panel: 34"" WQHD 3440x1440 Curved VA Gaming MonitorRefresh Rate & Response: 144Hz refresh rate, 1ms MPRT response timeColor Accuracy: 90% DCI-P3, 8 bitSpecial Features: VESA DisplayHDR 400, TÜV Rheinland Certified, HBR3, AMD FreeSync PremiumConnectivity: 2x HDMI 2.0, 2x Displayport 1.4, 1x Earphone JackVESA Wall Mount Compatible 100*100mmAccessories: Power cables, HDMI cable, DP cable, QSG, Warranty card","$439.99","https://c1.neweggimages.com/ProductImageCompressAll60/24-012-046-08.jpg","[{""Product Gallery Images"":"""",""Product Gallery Images-src"":""https://c1.neweggimages.com/ProductImageCompressAll60/24-012-046-08.jpg""},{""Product Gallery Images"":"""",""Product Gallery Images-src"":""https://c1.neweggimages.com/ProductImageCompressAll60/24-012-046-09.jpg""},{""Product Gallery Images"":"""",""Product Gallery Images-src"":""https://c1.neweggimages.com/ProductImageCompressAll60/24-012-046-10.jpg""},{""Product Gallery Images"":"""",""Product Gallery Images-src"":""https://c1.neweggimages.com/ProductImageCompressAll60/24-012-046-11.jpg""},{""Product Gallery Images"":"""",""Product Gallery Images-src"":""https://c1.neweggimages.com/ProductImageCompressAll60/24-012-046-12.jpg""}]",""
"1720634476-36","https://www.newegg.ca/Gaming-Monitors/SubCategory/ID-3743","Z-EDGE UG27P 27"" 1080P Curved Gaming Monitor, 240Hz, 1ms, 350cd/m², HDR10, FreeSync, 2 x HDMI 2.0, 2 x DisplayPort 1.2, Built-in Speakers, with RGB Breathing Light","https://www.newegg.ca/black-z-edge-gaming-monitor-ug32p-27/p/3D4-004G-00012?Item=9SIBUTHK711358&cm_sp=SP-_-2468066-_-Pers_SubCategorySponsoredProduct-_-4-_-9SIBUTHK711358-_-3743-_--_-3","Z-EDGE UG27P 27"" 1080P Curved Gaming Monitor, 240Hz, 1ms, 350cd/m², HDR10, FreeSync, 2 x HDMI 2.0, 2 x DisplayPort 1.2, Built-in Speakers, with RGB Breathing Light","27"" 1080P FHD Curved Monitor.240Hz, 1ms MPRT.Ultra-Slim Frame.HDR10 Compatible.178° Wide Angel Viewing.2 x DisplayPort 1.2,  2 x HDMI 2.0.Support FreeSync.With RGB Breathing Light.Built-in Speakers.Eye-Care Technology.","$259.99","https://c1.neweggimages.com/ProductImageCompressAll60/AT2ES2309066MqHP.jpg","[{""Product Gallery Images"":"""",""Product Gallery Images-src"":""https://c1.neweggimages.com/ProductImageCompressAll60/AT2ES2309066MqHP.jpg""},{""Product Gallery Images"":"""",""Product Gallery Images-src"":""https://c1.neweggimages.com/ProductImageCompressAll60/AT2ES230906cVz9K.jpg""},{""Product Gallery Images"":"""",""Product Gallery Images-src"":""https://c1.neweggimages.com/ProductImageCompressAll60/AT2ES230906uer6V.jpg""},{""Product Gallery Images"":"""",""Product Gallery Images-src"":""https://c1.neweggimages.com/ProductImageCompressAll60/AT2ES230906Dlt2t.jpg""},{""Product Gallery Images"":"""",""Product Gallery Images-src"":""https://c1.neweggimages.com/ProductImageCompressAll60/AT2ES230906i4mc6.jpg""},{""Product Gallery Images"":"""",""Product Gallery Images-src"":""https://c1.neweggimages.com/ProductImageCompressAll60/AT2ES230906WFu74.jpg""},{""Product Gallery Images"":"""",""Product Gallery Images-src"":""https://c1.neweggimages.com/ProductImageCompressAll60/AT2ES230906T85YX.jpg""}]",""
"1720634478-37","https://www.newegg.ca/Gaming-Monitors/SubCategory/ID-3743","ASUS TUF Gaming VG24VQE 24"" (23.6"" Viewable) Full HD 1920 x 1080 1ms (MPRT) 165Hz HDMI, DisplayPort FreeSync Premium Curved Gaming Monitor","https://www.newegg.ca/black-asus-tuf-gaming-vg24vqe-23-6/p/N82E16824281096","ASUS TUF Gaming VG24VQE 24"" (23.6"" Viewable) Full HD 1920 x 1080 1ms (MPRT) 165Hz HDMI, DisplayPort FreeSync Premium Curved Gaming Monitor","23.6-inch Full HD (1920 x 1080) 1500R gaming monitor with ultrafast 165Hz refresh rate designed for professional gamers and immersive gameplayASUS Extreme Low Motion Blur (ELMB) technology enables a 1ms response time (MPRT), eliminating ghosting for sharp gaming visualsFreeSync Premium technology to eliminate screen tearing and choppy frame ratesShadow Boost enhances image details in dark areas, brightening scenes without over-exposing bright areasFree 3-month Adobe Creative Cloud Subscription: Receive complimentary access with the purchase of this product (offer valid from 9/15/2021 to 8/31/2024)","$219.99","https://c1.neweggimages.com/ProductImageCompressAll60/24-281-096-01.jpg","[{""Product Gallery Images"":"""",""Product Gallery Images-src"":""https://c1.neweggimages.com/ProductImageCompressAll60/24-281-096-01.jpg""},{""Product Gallery Images"":"""",""Product Gallery Images-src"":""https://c1.neweggimages.com/ProductImageCompressAll60/24-281-096-S05.jpg""},{""Product Gallery Images"":"""",""Product Gallery Images-src"":""https://c1.neweggimages.com/ProductImageCompressAll60/24-281-096-02.jpg""},{""Product Gallery Images"":"""",""Product Gallery Images-src"":""https://c1.neweggimages.com/ProductImageCompressAll60/24-281-096-V80.jpg""},{""Product Gallery Images"":"""",""Product Gallery Images-src"":""https://c1.neweggimages.com/ProductImageCompressAll60/24-281-096-S04.jpg""},{""Product Gallery Images"":"""",""Product Gallery Images-src"":""https://c1.neweggimages.com/ProductImageCompressAll60/24-281-096-S01.jpg""},{""Product Gallery Images"":"""",""Product Gallery Images-src"":""https://c1.neweggimages.com/ProductImageCompressAll60/24-281-096-S03.jpg""},{""Product Gallery Images"":"""",""Product Gallery Images-src"":""https://c1.neweggimages.com/ProductImageCompressAll60/24-281-096-S02.jpg""}]",""
"1720634480-38","https://www.newegg.ca/Gaming-Monitors/SubCategory/ID-3743","SAMSUNG Odyssey G40B LS27BG402ENXGO 27"" FHD 1920 x 1080 240 Hz FreeSync Premium & G-Sync Compatible Gaming Monitors","https://www.newegg.ca/black-samsung-odyssey-g40b-ls27bg402enxgo-27/p/N82E16824027244","SAMSUNG Odyssey G40B LS27BG402ENXGO 27"" FHD 1920 x 1080 240 Hz FreeSync Premium & G-Sync Compatible Gaming Monitors","27"" IPS FHD 1920 x 1080 240 Hz FreeSync Premium & G-Sync Compatible 1,000:1 16.7 Million Height, Pivot, Swivel, Tilt","$268.00","https://c1.neweggimages.com/ProductImageCompressAll60/24-027-244-01.png","[{""Product Gallery Images"":"""",""Product Gallery Images-src"":""https://c1.neweggimages.com/ProductImageCompressAll60/24-027-244-01.png""},{""Product Gallery Images"":"""",""Product Gallery Images-src"":""https://c1.neweggimages.com/ProductImageCompressAll60/24-027-244-02.png""},{""Product Gallery Images"":"""",""Product Gallery Images-src"":""https://c1.neweggimages.com/ProductImageCompressAll60/24-027-244-03.png""},{""Product Gallery Images"":"""",""Product Gallery Images-src"":""https://c1.neweggimages.com/ProductImageCompressAll60/24-027-244-04.png""},{""Product Gallery Images"":"""",""Product Gallery Images-src"":""https://c1.neweggimages.com/ProductImageCompressAll60/24-027-244-05.png""},{""Product Gallery Images"":"""",""Product Gallery Images-src"":""https://c1.neweggimages.com/ProductImageCompressAll60/24-027-244-07.png""},{""Product Gallery Images"":"""",""Product Gallery Images-src"":""https://c1.neweggimages.com/ProductImageCompressAll60/24-027-244-08.png""},{""Product Gallery Images"":"""",""Product Gallery Images-src"":""https://c1.neweggimages.com/ProductImageCompressAll60/24-027-244-09.png""},{""Product Gallery Images"":"""",""Product Gallery Images-src"":""https://c1.neweggimages.com/ProductImageCompressAll60/24-027-244-10.png""},{""Product Gallery Images"":"""",""Product Gallery Images-src"":""https://c1.neweggimages.com/ProductImageCompressAll60/24-027-244-11.png""},{""Product Gallery Images"":"""",""Product Gallery Images-src"":""https://c1.neweggimages.com/ProductImageCompressAll60/24-027-244-12.png""},{""Product Gallery Images"":"""",""Product Gallery Images-src"":""https://c1.neweggimages.com/ProductImageCompressAll60/24-027-244-13.png""},{""Product Gallery Images"":"""",""Product Gallery Images-src"":""https://c1.neweggimages.com/ProductImageCompressAll60/24-027-244-14.png""},{""Product Gallery Images"":"""",""Product Gallery Images-src"":""https://c1.neweggimages.com/ProductImageCompressAll60/24-027-244-15.png""},{""Product Gallery Images"":"""",""Product Gallery Images-src"":""https://c1.neweggimages.com/ProductImageCompressAll60/24-027-244-16.png""},{""Product Gallery Images"":"""",""Product Gallery Images-src"":""https://c1.neweggimages.com/ProductImageCompressAll60/24-027-244-17.png""},{""Product Gallery Images"":"""",""Product Gallery Images-src"":""https://c1.neweggimages.com/ProductImageCompressAll60/24-027-244-18.png""},{""Product Gallery Images"":"""",""Product Gallery Images-src"":""https://c1.neweggimages.com/ProductImageCompressAll60/24-027-244-19.png""},{""Product Gallery Images"":"""",""Product Gallery Images-src"":""https://c1.neweggimages.com/ProductImageCompressAll60/24-027-244-20.png""},{""Product Gallery Images"":"""",""Product Gallery Images-src"":""https://c1.neweggimages.com/ProductImageCompressAll60/24-027-244-21.png""}]",""
