web-scraper-order,web-scraper-start-url,product-link,product-link-href,name,description,price,Main Image URL,Product Gallery Images
1720634802-1,https://www.newegg.ca/Gaming-Laptops/SubCategory/ID-3365,Aorus 16X Series 16X ASG-53USC64SH 16'' 165 Hz IPS Intel Core i7-14650HX GeForce RTX 4070 Laptop GPU 32GB Memory 1 TB PCIe SSD Windows 11 Home 64-bit Gaming Laptop,https://www.newegg.ca/midnight-gray-aorus-16x-series-16x-asg-53usc64sh-gaming/p/N82E16834233573,Aorus 16X Series - 16'' 165 Hz IPS - Intel Core i7-14650HX - GeForce RTX 4070 Laptop GPU - 32 GB DDR5 - 1 TB PCIe SSD - Windows 11 Home 64-bit - Gaming Laptop (16X ASG-53USC64SH ),"NVIDIA GeForce RTX 40 Series: NVIDIA GeForce RTX 4070 Laptop GPU 8GB GDDR6Intel Core i7-14650HX Processor, Up to 5.2 GHzDDR5 Ready: DDR5 5600 16GB*2 (32GB), 1TB Storage (Gen4 M.2 SSD)Cutting-Edge Display: 16"" IPS WQXGA 2560×1600 165Hz, 3ms, sRGB 100%, TÜV Rheinland CertifiedNext Gen Interface: Win11 Home AD, Intel Wi-Fi 6E, Bluetooth V5.2Dynamic Audio: Dolby Atmos Audio Technology, Built-in Microphone, 2x 2W SpeakersIO: 1x Thunderbolt 4 (Supports Power Delivery), 1x HDMI 2.1, 2x USB 3.2 Gen2 (Type-A), 1x USB3.2 Gen2 Type-C (Supports DisplayPort 1.4), 1x RJ45, 1x Audio Combo Jack, 1x DC InSee more","$1,999.99",https://c1.neweggimages.com/ProductImageCompressAll60/34-233-573-01.jpg,"[{""Product Gallery Images"":"""",""Product Gallery Images-src"":""https://c1.neweggimages.com/ProductImageCompressAll60/34-233-573-01.jpg""},{""Product Gallery Images"":"""",""Product Gallery Images-src"":""https://c1.neweggimages.com/ProductImageCompressAll60/34-233-573-02.jpg""},{""Product Gallery Images"":"""",""Product Gallery Images-src"":""https://c1.neweggimages.com/ProductImageCompressAll60/34-233-573-03.jpg""},{""Product Gallery Images"":"""",""Product Gallery Images-src"":""https://c1.neweggimages.com/ProductImageCompressAll60/34-233-573-04.jpg""},{""Product Gallery Images"":"""",""Product Gallery Images-src"":""https://c1.neweggimages.com/ProductImageCompressAll60/34-233-573-05.jpg""}]"
1720634805-2,https://www.newegg.ca/Gaming-Laptops/SubCategory/ID-3365,"Lenovo LOQ 15AHP9 Gaming Laptop 15.6"" 144Hz FHD AMD Ryzen 7 8845HS GeForce RTX 4050 16GB 1TB SSD Windows 11 Home, 83DX00ASCF",https://www.newegg.ca/p/N82E16834840533,"Lenovo LOQ 15AHP9 Gaming Laptop 15.6"" 144Hz FHD AMD Ryzen 7 8845HS GeForce RTX 4050 16GB 1TB SSD Windows 11 Home, 83DX00ASCF","AMD Ryzen™ 7 8845HS (8C / 16T, 3.8 / 5.1GHz, 8MB L2 / 16MB L3)NVIDIA® GeForce RTX™ 4050 6GB GDDR6, Boost Clock 2370MHz, TGP 105W1x 16GB SO-DIMM DDR5-56001TB SSD M.2 2242 PCIe® 4.0x4 NVMe®See more","$1,399.99",https://c1.neweggimages.com/ProductImageCompressAll60/34-840-533-04.jpg,"[{""Product Gallery Images"":"""",""Product Gallery Images-src"":""https://c1.neweggimages.com/ProductImageCompressAll60/34-840-533-04.jpg""},{""Product Gallery Images"":"""",""Product Gallery Images-src"":""https://c1.neweggimages.com/ProductImageCompressAll60/34-840-533-01.jpg""},{""Product Gallery Images"":"""",""Product Gallery Images-src"":""https://c1.neweggimages.com/ProductImageCompressAll60/34-840-533-02.jpg""},{""Product Gallery Images"":"""",""Product Gallery Images-src"":""https://c1.neweggimages.com/ProductImageCompressAll60/34-840-533-03.jpg""}]"
1720634808-3,https://www.newegg.ca/Gaming-Laptops/SubCategory/ID-3365,Aorus 17X Series 17X AZG-65US665SH 17.3'' 240 Hz IPS Intel Core i9-14900HX GeForce RTX 4090 Laptop GPU 32GB Memory 2 TB PCIe SSD Windows 11 Home 64-bit Gaming Laptop,https://www.newegg.ca/royal-black-aorus-17x-series-17x-azg-65us665sh-gaming/p/N82E16834233570,Aorus 17X Series - 17.3'' 240 Hz IPS - Intel Core i9-14900HX - GeForce RTX 4090 Laptop GPU - 32 GB DDR5 - 2 TB PCIe SSD - Windows 11 Home 64-bit - Gaming Laptop (17X AZG-65US665SH ),"NVIDIA GeForce RTX 40 Series: NVIDIA GeForce RTX 4090 Laptop GPU 16GB GDDR6Intel Core i9-14900HX Processor, Up to 5.8 GHzDDR5 Ready: DDR5 5600 16GB*2 (32GB), 2TB Storage (Gen4 M.2 SSD)Cutting-Edge Display: 17.3"" 16:9 IPS QHD 2560x1440, 240Hz, 100% DCI-P3, TÜV Rheinland CertifiedNext Gen Interface: Windows 11 Home, Intel Wi-Fi 6E, Bluetooth V5.2Dynamic Audio: Dolby Atmos Audio Technology, Built-in Microphone, 2x 2.5W SpeakersIO: 1x Thunderbolt 4 (Supports Power Delivery), 1x HDMI 2.1, 1x Mini DP 1.4 (120Hz), 3x USB 3.2 Gen2 (Type-A), 1x RJ45, 1x Audio Combo Jack, 1x DC InSee more","$4,199.97",https://c1.neweggimages.com/ProductImageCompressAll60/34-233-570-14.jpg,"[{""Product Gallery Images"":"""",""Product Gallery Images-src"":""https://c1.neweggimages.com/ProductImageCompressAll60/34-233-570-14.jpg""},{""Product Gallery Images"":"""",""Product Gallery Images-src"":""https://c1.neweggimages.com/ProductImageCompressAll60/34-233-570-02.jpg""},{""Product Gallery Images"":"""",""Product Gallery Images-src"":""https://c1.neweggimages.com/ProductImageCompressAll60/34-233-570-03.jpg""},{""Product Gallery Images"":"""",""Product Gallery Images-src"":""https://c1.neweggimages.com/ProductImageCompressAll60/34-233-570-04.jpg""},{""Product Gallery Images"":"""",""Product Gallery Images-src"":""https://c1.neweggimages.com/ProductImageCompressAll60/34-233-570-05.jpg""}]"
1720634811-4,https://www.newegg.ca/Gaming-Laptops/SubCategory/ID-3365,Aorus 17X Series 17X AXG-64US665SH 17.3'' 240 Hz IPS Intel Core i9-14900HX GeForce RTX 4080 Laptop GPU 32GB Memory 2 TB PCIe SSD Windows 11 Home 64-bit Gaming Laptop,https://www.newegg.ca/royal-black-aorus-17x-series-17x-axg-64us665sh-gaming/p/N82E16834233571,Aorus 17X Series - 17.3'' 240 Hz IPS - Intel Core i9-14900HX - GeForce RTX 4080 Laptop GPU - 32 GB DDR5 - 2 TB PCIe SSD - Windows 11 Home 64-bit - Gaming Laptop (17X AXG-64US665SH ),"NVIDIA GeForce RTX 40 Series: NVIDIA GeForce RTX 4080 Laptop GPU 16GB GDDR6Intel Core i9-14900HX Processor, Up to 5.8 GHzDDR5 Ready: DDR5 5600 16GB*2 (32GB), 2TB Storage (Gen4 M.2 SSD)Cutting-Edge Display: 17.3"" 16:9 IPS QHD 2560x1440, 240Hz, 100% DCI-P3, TÜV Rheinland CertifiedNext Gen Interface: Windows 11 Home, Intel Wi-Fi 6E, Bluetooth V5.2Dynamic Audio: Dolby Atmos Audio Technology, Built-in Microphone, 2x 2.5W SpeakersIO: 1x Thunderbolt 4 (Supports Power Delivery), 1x HDMI 2.1, 1x Mini DP 1.4 (120Hz), 3x USB 3.2 Gen2 (Type-A), 1x RJ45, 1x Audio Combo Jack, 1x DC InSee more","$3,799.99",https://c1.neweggimages.com/ProductImageCompressAll60/34-233-571-01.jpg,"[{""Product Gallery Images"":"""",""Product Gallery Images-src"":""https://c1.neweggimages.com/ProductImageCompressAll60/34-233-571-01.jpg""},{""Product Gallery Images"":"""",""Product Gallery Images-src"":""https://c1.neweggimages.com/ProductImageCompressAll60/34-233-571-02.jpg""},{""Product Gallery Images"":"""",""Product Gallery Images-src"":""https://c1.neweggimages.com/ProductImageCompressAll60/34-233-571-03.jpg""},{""Product Gallery Images"":"""",""Product Gallery Images-src"":""https://c1.neweggimages.com/ProductImageCompressAll60/34-233-571-04.jpg""},{""Product Gallery Images"":"""",""Product Gallery Images-src"":""https://c1.neweggimages.com/ProductImageCompressAll60/34-233-571-05.jpg""}]"
1720634814-5,https://www.newegg.ca/Gaming-Laptops/SubCategory/ID-3365,"GIGABYTE AORUS 15X - 15.6"" 16:9 QHD 2560x1440 165Hz - NVIDIA GeForce RTX 4070 Laptop GPU 8GB - Intel Core i9-13980HX - 16GB DDR5 RAM - 1TB SSD - Win11 Home - Gaming Laptop (AORUS 15X ASF-D3US754SH)",https://www.newegg.ca/black-aorus-15x-series-15x-asf-d3us754sh-gaming/p/N82E16834725220,"GIGABYTE AORUS 15X - 15.6"" 16:9 Thin Bezel QHD 2560x1440 165Hz - NVIDIA GeForce RTX 4070 Laptop GPU 8GB GDDR6 - Intel Core i9-13980HX - 16GB DDR5 RAM - 1TB SSD - Win11 Home - Gaming Laptop (AORUS 15X ASF-D3US754SH)","NVIDIA GeForce RTX 40 Series: NVIDIA GeForce RTX 4070 Laptop GPU 8GB GDDR6Intel 13th Gen Ready: i9-13980HX Processor, up to 5.4 GHzDDR5 Ready: DDR5 5600 8GB*2 (16GB), 1TB Storage (Gen4 M.2 SSD)Cutting-Edge Display: 15.6"" 16:9 Thin Bezel QHD 2560x1440, 165Hz, 100% sRGB, TÜV Rheinland-certifiedNext Gen Interface: Windows 11 Home AD, Intel Wi-Fi 6E, Bluetooth V5.2Dynamic Audio: DTS:X Ultra Audio Technology, Built-in Microphone, 2x 2W SpeakersIO: 1x Thunderbolt 4 (Supports Power Delivery), 1x HDMI 2.1, 1x Mini DP 1.4, 2x USB 3.2 Gen2 (Type-A), 1x RJ45, 1x Audio Combo Jack, 1x DC InSee more","$2,099.99",https://c1.neweggimages.com/ProductImageCompressAll60/34-725-212-01.jpg,"[{""Product Gallery Images"":"""",""Product Gallery Images-src"":""https://c1.neweggimages.com/ProductImageCompressAll60/34-725-212-01.jpg""},{""Product Gallery Images"":"""",""Product Gallery Images-src"":""https://c1.neweggimages.com/ProductImageCompressAll60/34-725-212-02.jpg""},{""Product Gallery Images"":"""",""Product Gallery Images-src"":""https://c1.neweggimages.com/ProductImageCompressAll60/34-725-212-03.jpg""},{""Product Gallery Images"":"""",""Product Gallery Images-src"":""https://c1.neweggimages.com/ProductImageCompressAll60/34-725-212-04.jpg""},{""Product Gallery Images"":"""",""Product Gallery Images-src"":""https://c1.neweggimages.com/ProductImageCompressAll60/34-725-212-05.jpg""}]"
1720634817-6,https://www.newegg.ca/Gaming-Laptops/SubCategory/ID-3365,"ASUS ROG Zephyrus G16 GU605MV-DS92-CA w/ Core™ Ultra 7-155H, 16GB, 512GB SSD, 16.0"" OLED 240Hz 0.2ms, GeForce RTX 4060, Win 11 Home",https://www.newegg.ca/p/N82E16834236527,"ASUS ROG Zephyrus G16 GU605MV-DS92-CA w/ Core™ Ultra 7-155H, 16GB, 512GB SSD, 16.0"" OLED 240Hz 0.2ms, GeForce RTX 4060, Win 11 Home","Windows 11 HomeNVIDIA® GeForce RTX™ 4060 Laptop GPUIntel® AI Boost NPUIntel® Core™ Ultra 7 Processor 155H2.5K (2560 x 1600, WQXGA) 16:10 240Hz OLED ROG Nebula Display512GB M.2 NVMe™ PCIe® 4.0 SSD storageSee more","$2,299.99",https://c1.neweggimages.com/ProductImageCompressAll60/34-236-527-05.jpg,"[{""Product Gallery Images"":"""",""Product Gallery Images-src"":""https://c1.neweggimages.com/ProductImageCompressAll60/34-236-527-05.jpg""},{""Product Gallery Images"":"""",""Product Gallery Images-src"":""https://c1.neweggimages.com/ProductImageCompressAll60/34-236-527-06.jpg""},{""Product Gallery Images"":"""",""Product Gallery Images-src"":""https://c1.neweggimages.com/ProductImageCompressAll60/34-236-527-07.jpg""},{""Product Gallery Images"":"""",""Product Gallery Images-src"":""https://c1.neweggimages.com/ProductImageCompressAll60/34-236-527-08.jpg""},{""Product Gallery Images"":"""",""Product Gallery Images-src"":""https://c1.neweggimages.com/ProductImageCompressAll60/34-236-527-09.jpg""}]"
1720634820-7,https://www.newegg.ca/Gaming-Laptops/SubCategory/ID-3365,"ASUS ROG Strix G16 G614JZR-DS91-CA w/ Core i9-14900HX, 32GB, 1TB SSD, 16in WQXGA 240Hz, GeForce RTX 4080, Wi-Fi 6E, BT, Win 11 Pro",https://www.newegg.ca/p/N82E16834236513,"ASUS ROG Strix G16 G614JZR-DS91-CA w/ Core™ i9-14900HX, 32GB, 1TB SSD, 16in WQXGA 240Hz, GeForce RTX 4080, Wi-Fi 6E, BT, Win 11 Pro","NVIDIA GeForce RTX 4080 Laptop GPUWindows 11 ProIntel Core i9-14900HX Processor16"" QHD+ (2560 x 1600, WQXGA) 16:10 240Hz ROG Nebula Display1TB PCIe 4.0 NVMe™ M.2 SSDSee more","$3,799.00",https://c1.neweggimages.com/ProductImageCompressAll60/34-236-512-13.jpg,"[{""Product Gallery Images"":"""",""Product Gallery Images-src"":""https://c1.neweggimages.com/ProductImageCompressAll60/34-236-512-13.jpg""},{""Product Gallery Images"":"""",""Product Gallery Images-src"":""https://c1.neweggimages.com/ProductImageCompressAll60/34-236-512-14.jpg""},{""Product Gallery Images"":"""",""Product Gallery Images-src"":""https://c1.neweggimages.com/ProductImageCompressAll60/34-236-512-11.jpg""},{""Product Gallery Images"":"""",""Product Gallery Images-src"":""https://c1.neweggimages.com/ProductImageCompressAll60/34-236-512-12.jpg""},{""Product Gallery Images"":"""",""Product Gallery Images-src"":""https://c1.neweggimages.com/ProductImageCompressAll60/34-236-512-08.jpg""}]"
1720634823-8,https://www.newegg.ca/Gaming-Laptops/SubCategory/ID-3365,Aorus 16X Series 16X 9SG-43USC64SH 16'' 165 Hz IPS Intel Core i7-13650HX GeForce RTX 4070 Laptop GPU 32GB Memory 1 TB PCIe SSD Windows 11 Home 64-bit Gaming Laptop,https://www.newegg.ca/midnight-gray-aorus-16x-series-16x-9sg-43usc64sh-gaming/p/N82E16834725225,Aorus 16X Series - 16'' 165 Hz IPS - Intel Core i7-13650HX - GeForce RTX 4070 Laptop GPU - 32 GB DDR5 - 1 TB PCIe SSD - Windows 11 Home 64-bit - Gaming Laptop (16X 9SG-43USC64SH ),"NVIDIA GeForce RTX 40 Series: NVIDIA GeForce RTX 4070 Laptop GPU 8GB GDDR6Intel Core i7-13650HX Processor, Up to 4.9 GHzDDR5 Ready: DDR5 5600 16GB*2 (32GB), 1TB Storage (Gen4 M.2 SSD)Cutting-Edge Display: 16"" IPS WQXGA 2560×1600 165Hz, 3ms, sRGB 100%, TÜV Rheinland CertifiedNext Gen Interface: Win11 Home AD, Intel Wi-Fi 6E, Bluetooth V5.2Dynamic Audio: Dolby Atmos Audio Technology, Built-in Microphone, 2x 2W SpeakersIO: 1x Thunderbolt 4 (Supports Power Delivery), 1x HDMI 2.1, 2x USB 3.2 Gen2 (Type-A), 1x USB3.2 Gen2 Type-C (Supports DisplayPort 1.4), 1x RJ45, 1x Audio Combo Jack, 1x DC InSee more","$1,899.97",https://c1.neweggimages.com/ProductImageCompressAll60/34-725-225-01.jpg,"[{""Product Gallery Images"":"""",""Product Gallery Images-src"":""https://c1.neweggimages.com/ProductImageCompressAll60/34-725-225-01.jpg""},{""Product Gallery Images"":"""",""Product Gallery Images-src"":""https://c1.neweggimages.com/ProductImageCompressAll60/34-725-225-04.jpg""},{""Product Gallery Images"":"""",""Product Gallery Images-src"":""https://c1.neweggimages.com/ProductImageCompressAll60/34-725-225-03.jpg""},{""Product Gallery Images"":"""",""Product Gallery Images-src"":""https://c1.neweggimages.com/ProductImageCompressAll60/34-725-225-02.jpg""},{""Product Gallery Images"":"""",""Product Gallery Images-src"":""https://c1.neweggimages.com/ProductImageCompressAll60/34-725-225-12.jpg""}]"
1720634825-9,https://www.newegg.ca/Gaming-Laptops/SubCategory/ID-3365,"ASUS ROG Zephyrus G16 GU605MY-DS91-CA w/ Core™ Ultra 9-185H, 32GB, 2TB SSD, 16"" WQXGA, RTX 4090, Wi-Fi 6E, BT 5.3, Win 11 Home",https://www.newegg.ca/p/N82E16834236528,"ASUS ROG Zephyrus G16 GU605MY-DS91-CA w/ Core™ Ultra 9-185H, 32GB, 2TB SSD, 16"" WQXGA, RTX 4090, Wi-Fi 6E, BT 5.3, Win 11 Home","Windows 11 HomeNVIDIA® GeForce RTX™ 4090 Laptop GPUIntel® AI Boost NPUIntel® Core™ Ultra 9 Processor 185H2.5K (2560 x 1600, WQXGA) 16:10 240Hz OLED ROG Nebula Display2TB M.2 NVMe™ PCIe® 4.0 Performance SSD storageSee more","$4,499.00",https://c1.neweggimages.com/ProductImageCompressAll60/34-236-528-01.jpg,"[{""Product Gallery Images"":"""",""Product Gallery Images-src"":""https://c1.neweggimages.com/ProductImageCompressAll60/34-236-528-01.jpg""},{""Product Gallery Images"":"""",""Product Gallery Images-src"":""https://c1.neweggimages.com/ProductImageCompressAll60/34-236-528-10.jpg""},{""Product Gallery Images"":"""",""Product Gallery Images-src"":""https://c1.neweggimages.com/ProductImageCompressAll60/34-236-528-02.jpg""},{""Product Gallery Images"":"""",""Product Gallery Images-src"":""https://c1.neweggimages.com/ProductImageCompressAll60/34-236-528-03.jpg""},{""Product Gallery Images"":"""",""Product Gallery Images-src"":""https://c1.neweggimages.com/ProductImageCompressAll60/34-236-528-04.jpg""}]"
1720634829-10,https://www.newegg.ca/Gaming-Laptops/SubCategory/ID-3365,GIGABYTE G6X Series G6X 9KG-43US854SH 16'' 165 Hz IPS Intel Core i7-13650HX GeForce RTX 4060 Laptop GPU 16GB Memory 1 TB PCIe SSD Windows 11 Home 64-bit Gaming Laptop,https://www.newegg.ca/gunmetal-gray-gigabyte-g6x-series-g6x-9kg-43us854sh-gaming/p/N82E16834233580,GIGABYTE G6X Series - 16'' 165 Hz IPS - Intel Core i7-13650HX - GeForce RTX 4060 Laptop GPU - 16 GB DDR5 - 1 TB PCIe SSD - Windows 11 Home 64-bit - Gaming Laptop (G6X 9KG-43US854SH ),"NVIDIA GeForce RTX 40 Series: NVIDIA GeForce RTX 4060 Laptop GPU 8GB GDDR6Intel 13th Gen Ready: 13th Gen Intel Core i7-13650HX Processor, Up to 4.9 GHzDDR5 Ready: DDR5 4800 8GB*2 (16GB), 1TB Storage (Gen4 M.2 SSD)Cutting-Edge Display: 16.0"" 16:10 WUXGA 1920x1200, 165HzNext Gen Interface: Windows 11 Home AD, Intel Wi-Fi 6E, Bluetooth V5.2Dynamic Audio: Dolby Atmos Audio Technology, Built-in Microphone, 2x 2W SpeakersIO: 1x USB3.2 Gen2 Type-C (Supports Power Delivery), 1x USB3.2 Gen2 Type-C (Supports DisplayPort 1.4), 1x HDMI 2.1, 1x USB 3.2 Gen2 (Type-A), 1x USB 3.2 Gen1 (Type-A), 1x RJ45,  1x Audio Combo Jack, 1x DC InSee more","$1,599.99",https://c1.neweggimages.com/ProductImageCompressAll60/34-233-580-01.jpg,"[{""Product Gallery Images"":"""",""Product Gallery Images-src"":""https://c1.neweggimages.com/ProductImageCompressAll60/34-233-580-01.jpg""},{""Product Gallery Images"":"""",""Product Gallery Images-src"":""https://c1.neweggimages.com/ProductImageCompressAll60/34-233-580-03.jpg""},{""Product Gallery Images"":"""",""Product Gallery Images-src"":""https://c1.neweggimages.com/ProductImageCompressAll60/34-233-580-04.jpg""},{""Product Gallery Images"":"""",""Product Gallery Images-src"":""https://c1.neweggimages.com/ProductImageCompressAll60/34-233-580-05.jpg""},{""Product Gallery Images"":"""",""Product Gallery Images-src"":""https://c1.neweggimages.com/ProductImageCompressAll60/34-233-580-06.jpg""}]"
1720634835-11,https://www.newegg.ca/Gaming-Laptops/SubCategory/ID-3365,"MSI Stealth 16 AI 16""  QHD+ 240Hz Ultra Thin and Light Gaming Laptop Intel® Core™ Ultra9-185H RTX 4070 32GBDR5 2TB NVMe SSD Win 11",https://www.newegg.ca/p/N82E16834156611,"MSI Stealth 16 AI 16""  QHD+ 240Hz Ultra Thin and Light Gaming Laptop Intel® Core™ Ultra9-185H RTX 4070 32GBDR5 2TB NVMe SSD Win 11","NVIDIA GeForce RTX 4070 Laptop GPU 8GB Up to 5.1GHz 32GB Memory 2TB NVMe SSD 16'' 2560x1600 355.8 x 259.7 x 19.95 mm 1.99 kgSee more","$3,099.00",https://c1.neweggimages.com/ProductImageCompressAll60/34-156-609-03.jpg,"[{""Product Gallery Images"":"""",""Product Gallery Images-src"":""https://c1.neweggimages.com/ProductImageCompressAll60/34-156-609-03.jpg""},{""Product Gallery Images"":"""",""Product Gallery Images-src"":""https://c1.neweggimages.com/ProductImageCompressAll60/34-156-609-05.jpg""},{""Product Gallery Images"":"""",""Product Gallery Images-src"":""https://c1.neweggimages.com/ProductImageCompressAll60/34-156-609-01.jpg""},{""Product Gallery Images"":"""",""Product Gallery Images-src"":""https://c1.neweggimages.com/ProductImageCompressAll60/34-156-609-07.jpg""},{""Product Gallery Images"":"""",""Product Gallery Images-src"":""https://c1.neweggimages.com/ProductImageCompressAll60/34-156-609-08.jpg""}]"
1720634838-12,https://www.newegg.ca/Gaming-Laptops/SubCategory/ID-3365,"GIGABYTE AORUS 17X - 17.3"" QHD 2560x1440 240Hz Display - NVIDIA GeForce RTX 4080 Laptop GPU 12GB - Intel Core i9-13900HX - 16GB DDR5 RAM - 1TB SSD - Win11 Pro - Gaming Laptop (AORUS 17X AXF-B4US694SP)",https://www.newegg.ca/p/N82E16834233552,"GIGABYTE AORUS 17X - 17.3"" Thin Bezel QHD 2560x1440 240Hz Display - NVIDIA GeForce RTX 4080 Laptop GPU 12GB GDDR6 - Intel Core i9-13900HX - 16GB DDR5 RAM - 1TB SSD - Win11 Pro - Gaming Laptop (AORUS 17X AXF-B4US694SP)","NVIDIA GeForce RTX 40 Series: NVIDIA GeForce RTX 4080 Laptop GPU 12GB GDDR6Intel 13th Gen Ready: i9-13900HX Processor (Up to 5.4 GHz)DDR5 Ready: DDR5 5600 16GB*1 (16GB), 1TB Storage (Gen4 M.2 SSD)Cutting-Edge Display: 17.3"" 16:9 Thin Bezel QHD 2560x1440, 240Hz, 100% DCI-P3, TUV Rheinland CertifiedNext Gen Interface: Windows 11 Pro, Intel Wi-Fi 6E, Bluetooth V5.2Dynamic Audio: DTS:X Ultra Audio Technology, Built-in Microphone, 2x 2.5W SpeakersIO: 1x Thunderbolt 4 (Supports Power Delivery), 1x HDMI 2.1, 1x Mini DP 1.4 (120Hz), 3x USB 3.2 Gen2 (Type-A), 1x RJ45,  1x Audio Combo Jack, 1x DC InSee more","$2,899.99",https://c1.neweggimages.com/ProductImageCompressAll60/34-233-551-14.jpg,"[{""Product Gallery Images"":"""",""Product Gallery Images-src"":""https://c1.neweggimages.com/ProductImageCompressAll60/34-233-551-14.jpg""},{""Product Gallery Images"":"""",""Product Gallery Images-src"":""https://c1.neweggimages.com/ProductImageCompressAll60/34-233-551-10.jpg""},{""Product Gallery Images"":"""",""Product Gallery Images-src"":""https://c1.neweggimages.com/ProductImageCompressAll60/34-233-551-11.jpg""},{""Product Gallery Images"":"""",""Product Gallery Images-src"":""https://c1.neweggimages.com/ProductImageCompressAll60/34-233-551-13.jpg""},{""Product Gallery Images"":"""",""Product Gallery Images-src"":""https://c1.neweggimages.com/ProductImageCompressAll60/34-233-551-05.jpg""}]"
1720634841-13,https://www.newegg.ca/Gaming-Laptops/SubCategory/ID-3365,"GIGABYTE AORUS 17H - 17.3"" FHD 1920x1080 360Hz Display - NVIDIA GeForce RTX 4080 Laptop GPU 12GB - Intel Core i7-13700H - 16GB DDR5 RAM - 1TB SSD - Win11 Home - Gaming Laptop (AORUS 17H BXF-74US554SH)",https://www.newegg.ca/p/N82E16834233554,"GIGABYTE AORUS 17H - 17.3"" Thin Bezel FHD 1920x1080 360Hz Display - NVIDIA GeForce RTX 4080 Laptop GPU 12GB GDDR6 - Intel Core i7-13700H - 16GB DDR5 RAM - 1TB SSD - Win11 Home AD - Gaming Laptop (AORUS 17H BXF-74US554SH)","NVIDIA GeForce RTX 40 Series: NVIDIA GeForce RTX 4080 Laptop GPU 12GB GDDR6Intel 13th Gen Ready: i7-13700H Processor (Up to 5.00 GHz)DDR5 Ready: DDR5 4800 8GB*2 (16GB), 1TB Storage (Gen4 M.2 SSD)Cutting-Edge Display: 17.3"" Thin Bezel FHD 1920x1080, 360Hz, 100% sRGB, TUV Rheinland CertifiedNext Gen Interface: Windows 11 Home AD, Intel Wi-Fi 6E, Bluetooth V5.2Dynamic Audio: Built-in Microphone, 2x 2W SpeakersIO: 1x Thunderbolt 4 (Supports Power Delivery), 1x HDMI 2.1, 1x Mini DP 1.4 (120Hz), 2x USB 3.2 Gen1 (Type-A), 1x RJ45, 1x Audio Combo Jack, 1x DC InSee more","$2,399.99",https://c1.neweggimages.com/ProductImageCompressAll60/34-233-553-01.jpg,"[{""Product Gallery Images"":"""",""Product Gallery Images-src"":""https://c1.neweggimages.com/ProductImageCompressAll60/34-233-553-01.jpg""},{""Product Gallery Images"":"""",""Product Gallery Images-src"":""https://c1.neweggimages.com/ProductImageCompressAll60/34-233-553-09.jpg""},{""Product Gallery Images"":"""",""Product Gallery Images-src"":""https://c1.neweggimages.com/ProductImageCompressAll60/34-233-553-10.jpg""},{""Product Gallery Images"":"""",""Product Gallery Images-src"":""https://c1.neweggimages.com/ProductImageCompressAll60/34-233-553-12.jpg""},{""Product Gallery Images"":"""",""Product Gallery Images-src"":""https://c1.neweggimages.com/ProductImageCompressAll60/34-233-553-05.jpg""}]"
1720634844-14,https://www.newegg.ca/Gaming-Laptops/SubCategory/ID-3365,"ASUS ROG Strix G17 G713PV-DS91-CA 17.3"" AMD Ryzen 9 7000 Series 7945HX (2.50GHz) NVIDIA GeForce RTX 4060 Laptop GPU 16GB Memory 1 TB PCIe SSD Windows 11 Home 64-bit Gaming Laptop",https://www.newegg.ca/eclipse-gray-asus-rog-strix-g17-g713pv-ds91-ca-gaming/p/N82E16834236369,"ASUS ROG Strix G17 - 17.3"" - AMD Ryzen 9 7000 Series 7945HX (2.50GHz) - NVIDIA GeForce RTX 4060 Laptop GPU - 16 GB DDR5 - 1 TB PCIe SSD - Windows 11 Home 64-bit - Gaming Laptop (G713PV-DS91-CA )","NVIDIA GeForce RTX 4060 Laptop GPU 8 GB GDDR6 AMD Ryzen 9 7945HX 16GB Memory 1 TB PCIe SSD 17.3"" 2560 x 1440 300nits, Anti-Glare, 100% DCI-P3, Wide View 15.55"" x 11.10"" x 0.92""-1.21"" 6.17 lbs. 1 x HDMI 1 x USB 3.2 Gen 2 Type-C support DisplayPort / G-SYNC1 x USB 3.2 Gen 2 Type-C support DisplayPort / power delivery / G-SYNC2 x USB 3.2 Gen 1 Type-ASee more","$2,199.00",https://c1.neweggimages.com/ProductImageCompressAll60/34-236-369-01.png,"[{""Product Gallery Images"":"""",""Product Gallery Images-src"":""https://c1.neweggimages.com/ProductImageCompressAll60/34-236-369-01.png""},{""Product Gallery Images"":"""",""Product Gallery Images-src"":""https://c1.neweggimages.com/ProductImageCompressAll60/34-236-369-02.png""},{""Product Gallery Images"":"""",""Product Gallery Images-src"":""https://c1.neweggimages.com/ProductImageCompressAll60/34-236-369-03.png""},{""Product Gallery Images"":"""",""Product Gallery Images-src"":""https://c1.neweggimages.com/ProductImageCompressAll60/34-236-369-04.png""},{""Product Gallery Images"":"""",""Product Gallery Images-src"":""https://c1.neweggimages.com/ProductImageCompressAll60/34-236-369-05.png""}]"
1720634846-15,https://www.newegg.ca/Gaming-Laptops/SubCategory/ID-3365,"MSI Katana A15 AI 15.6"" 144Hz FHD Gaming Laptop AMD Ryzen R9-8945HS RTX 4060 16GB 1TBNVMe SSD Win11",https://www.newegg.ca/p/N82E16834156635,"MSI Katana A15 AI 15.6"" 144Hz FHD Gaming Laptop AMD Ryzen R9-8945HS RTX 4060 16GB 1TBNVMe SSD Win11","NVIDIA® GeForce RTX™ 4060 Laptop GPU 8G GDDR6 AMD Ryzen 9 8945HS 16GB Memory 1 TB SSD 15.6"" ""v 2.1 8K@60Hz 4K@120Hz"" 1x USB 3.2 Gen1 w/DP 1.4""2x USB 3.2 Gen1                  1x USB 2.0""See more","$1,724.12",https://c1.neweggimages.com/ProductImageCompressAll60/34-156-635-08.jpg,"[{""Product Gallery Images"":"""",""Product Gallery Images-src"":""https://c1.neweggimages.com/ProductImageCompressAll60/34-156-635-08.jpg""},{""Product Gallery Images"":"""",""Product Gallery Images-src"":""https://c1.neweggimages.com/ProductImageCompressAll60/34-156-635-02.jpg""},{""Product Gallery Images"":"""",""Product Gallery Images-src"":""https://c1.neweggimages.com/ProductImageCompressAll60/34-156-635-03.jpg""},{""Product Gallery Images"":"""",""Product Gallery Images-src"":""https://c1.neweggimages.com/ProductImageCompressAll60/34-156-635-01.jpg""},{""Product Gallery Images"":"""",""Product Gallery Images-src"":""https://c1.neweggimages.com/ProductImageCompressAll60/34-156-635-04.jpg""}]"
1720634849-16,https://www.newegg.ca/Gaming-Laptops/SubCategory/ID-3365,GIGABYTE G6 Series G6 KF-H3US854KH 16'' 165 Hz IPS Intel Core i7-13620H GeForce RTX 4060 Laptop GPU 16GB Memory 1 TB PCIe SSD Windows 11 Home 64-bit Gaming Laptop,https://www.newegg.ca/black-gigabyte-g6-series-g6-kf-h3us854kh-gaming/p/N82E16834233581,GIGABYTE G6 Series - 16'' 165 Hz IPS - Intel Core i7-13620H - GeForce RTX 4060 Laptop GPU - 16 GB DDR5 - 1 TB PCIe SSD - Windows 11 Home 64-bit - Gaming Laptop (G6 KF-H3US854KH ),"NVIDIA GeForce RTX 40 Series: NVIDIA GeForce RTX 4060 Laptop GPU 8GB GDDR6Intel 13th Gen Ready: 13th Gen Intel Core i7-13620H Processor, Up to 4.9 GHzDDR5 Ready: DDR5 4800 8GB*2 (16GB), 1TB Storage (Gen4 M.2 SSD)Cutting-Edge Display: 16.0"" 16:10 WUXGA 1920x1200, 165HzNext Gen Interface: Windows 11 Home+, Intel Wi-Fi 6E, Bluetooth V5.2Dynamic Audio: Dolby Atmos Audio Technology, Built-in Microphone, 2x 2W SpeakersIO: 2x USB3.2 Gen2 Type-C, 1x HDMI 2.1, 1x USB 3.2 Gen1 (Type-A), 1 x USB 2.0 Type-A, 1x RJ45, 1x Audio Combo Jack, 1x DC InSee more","$1,299.99",https://c1.neweggimages.com/ProductImageCompressAll60/34-233-581-01.jpg,"[{""Product Gallery Images"":"""",""Product Gallery Images-src"":""https://c1.neweggimages.com/ProductImageCompressAll60/34-233-581-01.jpg""},{""Product Gallery Images"":"""",""Product Gallery Images-src"":""https://c1.neweggimages.com/ProductImageCompressAll60/34-233-581-04.jpg""},{""Product Gallery Images"":"""",""Product Gallery Images-src"":""https://c1.neweggimages.com/ProductImageCompressAll60/34-233-581-03.jpg""},{""Product Gallery Images"":"""",""Product Gallery Images-src"":""https://c1.neweggimages.com/ProductImageCompressAll60/34-233-581-02.jpg""},{""Product Gallery Images"":"""",""Product Gallery Images-src"":""https://c1.neweggimages.com/ProductImageCompressAll60/34-233-581-05.jpg""}]"
1720634852-17,https://www.newegg.ca/Gaming-Laptops/SubCategory/ID-3365,"ASUS ROG Strix G16 (2023) Gaming Laptop, 16” Nebula Display 16:10 QHD+ 240Hz, GeForce RTX 4060, Intel Core i9-13980HX, 16GB DDR5, 1TB SSD, Wi-Fi 6E, Windows 11, G614JV-DB91-CA",https://www.newegg.ca/p/N82E16834236512,"ASUS ROG Strix G16 (2023) Gaming Laptop, 16” Nebula Display 16:10 QHD+ 240Hz, GeForce RTX 4060, Intel Core i9-13980HX, 16GB DDR5, 1TB SSD, Wi-Fi 6E, Windows 11, G614JV-DB91-CA","POWER UP YOUR PLAY - Draw more frames and win more games with Windows 11, a 13th Gen Intel Core i9-13980HX processor, and an NVIDIA® GeForce RTX™ 4060 Laptop GPU at 140W Max TGP.BLAZING FAST MEMORY AND STORAGE – Multitask swiftly with 16GB of DDR5-4800MHz memory and speed up loading times with 1TB of PCIe 4x4.ROG INTELLIGENT COOLING – To put this amount of power in a gaming laptop, you need an even better cooling solution. The Strix features Thermal Grizzly’s Conductonaut Extreme liquid metal on the CPU, and a third intake fan among other premium features, to allow for better sustained performance over long gaming sessions. STUN AT EVERY ANGLE – The Strix G16's design features cyberpunk aesthetic and graffiti-inspired accents, with unique styling such as a dot matrix design on the lid, cross-hatched vents, and typographic elements to subtly show off your ROG pride.See more","$2,299.00",https://c1.neweggimages.com/ProductImageCompressAll60/34-236-512-13.jpg,"[{""Product Gallery Images"":"""",""Product Gallery Images-src"":""https://c1.neweggimages.com/ProductImageCompressAll60/34-236-512-13.jpg""},{""Product Gallery Images"":"""",""Product Gallery Images-src"":""https://c1.neweggimages.com/ProductImageCompressAll60/34-236-512-14.jpg""},{""Product Gallery Images"":"""",""Product Gallery Images-src"":""https://c1.neweggimages.com/ProductImageCompressAll60/34-236-512-11.jpg""},{""Product Gallery Images"":"""",""Product Gallery Images-src"":""https://c1.neweggimages.com/ProductImageCompressAll60/34-236-512-12.jpg""},{""Product Gallery Images"":"""",""Product Gallery Images-src"":""https://c1.neweggimages.com/ProductImageCompressAll60/34-236-512-08.jpg""}]"
1720634855-18,https://www.newegg.ca/Gaming-Laptops/SubCategory/ID-3365,"MSI THIN A15 15.6"" 144Hz Gaming Laptop AMD Ryzen R7 7735HS RTX 4050 32GB DDR5 1TB NVMe SSD Win11",https://www.newegg.ca/p/N82E16834156643,"MSI THIN A15 15.6"" 144Hz Gaming Laptop AMD Ryzen R7 7735HS RTX 4050 32GB DDR5 1TB NVMe SSD Win11","15.6"" FHD (1920*1080), 144Hz 45%NTSC IPS-LevelRyzen 7 7735HSIntegrated SoCNVIDIA GeForce RTX 4050 Laptop GPUDDR5 16GB*21 x NVMe M.2 SSD by PCIe Gen4 x4AMD Wi-Fi 6E RZ616Windows 11 HomeSee more","$1,449.99",https://c1.neweggimages.com/ProductImageCompressAll60/34-156-643-03.jpg,"[{""Product Gallery Images"":"""",""Product Gallery Images-src"":""https://c1.neweggimages.com/ProductImageCompressAll60/34-156-643-03.jpg""},{""Product Gallery Images"":"""",""Product Gallery Images-src"":""https://c1.neweggimages.com/ProductImageCompressAll60/34-156-643-01.jpg""},{""Product Gallery Images"":"""",""Product Gallery Images-src"":""https://c1.neweggimages.com/ProductImageCompressAll60/34-156-643-02.jpg""},{""Product Gallery Images"":"""",""Product Gallery Images-src"":""https://c1.neweggimages.com/ProductImageCompressAll60/34-156-643-04.jpg""},{""Product Gallery Images"":"""",""Product Gallery Images-src"":""https://c1.neweggimages.com/ProductImageCompressAll60/34-156-643-05.jpg""}]"
1720634858-19,https://www.newegg.ca/Gaming-Laptops/SubCategory/ID-3365,"MSI Stealth 16 AI 16""  UHD+ 120Hz Mini LED Ultra Thin and Light Gaming Laptop Intel® Core™ Ultra9-185H RTX 4090 64GBDR5 2TB NVMe SSD Win 11PRO",https://www.newegg.ca/p/N82E16834156609,"MSI Stealth 16 AI 16""  UHD+ 120Hz Mini LED Ultra Thin and Light Gaming Laptop Intel® Core™ Ultra9-185H RTX 4090 64GBDR5 2TB NVMe SSD Win 11PRO","Intel Core Ultra 9 185H 64GB Memory 2 TB SSD 16.0""","$5,299.00",https://c1.neweggimages.com/ProductImageCompressAll60/34-156-609-03.jpg,"[{""Product Gallery Images"":"""",""Product Gallery Images-src"":""https://c1.neweggimages.com/ProductImageCompressAll60/34-156-609-03.jpg""},{""Product Gallery Images"":"""",""Product Gallery Images-src"":""https://c1.neweggimages.com/ProductImageCompressAll60/34-156-609-05.jpg""},{""Product Gallery Images"":"""",""Product Gallery Images-src"":""https://c1.neweggimages.com/ProductImageCompressAll60/34-156-609-01.jpg""},{""Product Gallery Images"":"""",""Product Gallery Images-src"":""https://c1.neweggimages.com/ProductImageCompressAll60/34-156-609-07.jpg""},{""Product Gallery Images"":"""",""Product Gallery Images-src"":""https://c1.neweggimages.com/ProductImageCompressAll60/34-156-609-08.jpg""}]"
1720634861-20,https://www.newegg.ca/Gaming-Laptops/SubCategory/ID-3365,"ASUS ROG Strix Scar 18 (2024) Gaming Laptop, 18” Nebula HDR 240Hz/3ms,1100 nits,Mini LED Display,GeForce RTX 4090,Intel Core i9-14900HX,32GB DDR5,2TB PCIe SSD,Wi-Fi 6E,Windows 11 Pro,G834JYR-DS91-CA",https://www.newegg.ca/p/N82E16834236534,"ASUS ROG Strix Scar 18 (2024) Gaming Laptop, 18” Nebula HDR 240Hz/3ms,1100 nits,Mini LED Display,GeForce RTX 4090,Intel Core i9-14900HX,32GB DDR5,2TB PCIe SSD,Wi-Fi 6E,Windows 11 Pro,G834JYR-DS91-CA","Enjoy effortless Windows 11 Pro gaming performance with this Strix SCAR 18 Gaming LaptopIntel® Core™ i9-14900HX 2.2GHz 24 Core Processor w/ 8 Performance and 16 Efficiency Cores, 32 Threads, 5.8GHz Turbo, 36MB Smart Cache, Intel 7GeForce RTX™ 4090 Laptop GPU w/ 16GB GDDR6 VRAM, 175W max TGP, NVIDIA Advanced Optimus, and DLSS 3Dazzling 18-inch 2.5K (2,560 x 1,600) Nebula HDR Display, Mini LED Backlighting, 240Hz, 3ms, 100% DCI-P3, Pantone Certified, Dolby Vision HDRGame with confidence thanks to Tri-Fan Technology, Full Surround Cents, and Conductonaut Extreme Liquid MetalDolby Vision and Dolby Atmos support for immersive Graphic and Audio contentSee more","$5,023.74",https://c1.neweggimages.com/ProductImageCompressAll60/34-236-534-01.jpg,"[{""Product Gallery Images"":"""",""Product Gallery Images-src"":""https://c1.neweggimages.com/ProductImageCompressAll60/34-236-534-01.jpg""},{""Product Gallery Images"":"""",""Product Gallery Images-src"":""https://c1.neweggimages.com/ProductImageCompressAll60/34-236-534-02.jpg""},{""Product Gallery Images"":"""",""Product Gallery Images-src"":""https://c1.neweggimages.com/ProductImageCompressAll60/34-236-534-03.jpg""},{""Product Gallery Images"":"""",""Product Gallery Images-src"":""https://c1.neweggimages.com/ProductImageCompressAll60/34-236-534-04.jpg""}]"
1720634863-21,https://www.newegg.ca/Gaming-Laptops/SubCategory/ID-3365,"MSI Stealth 14 Studio Ultra Thin and Light Gaming Laptop, 14"" 16:10 1920x1200 165Hz, Intel Core i7 13620H (6P+4E cores, up to 4.9GHz), NVIDIA GeForce RTX 3050 6GB, 16GB DDR5, 512GB NVMe SSD, Win 11",https://www.newegg.ca/p/N82E16834156519,"MSI Stealth 14 Studio Ultra Thin and Light Gaming Laptop, 14"" 16:10 1920x1200 165Hz, Intel Core i7 13620H (6P+4E cores, up to 4.9GHz), NVIDIA GeForce RTX 3050 6GB, 16GB DDR5, 512GB NVMe SSD, Win 11 (A13UDX-099CA)","NVIDIA GeForce RTX Studio LaptopUltra thin and light, weighs 1.7kg and 19mm thinIntel Core i7 13620H, 6 Performance and 4 Efficiency Cores, 16 Threads, 4.9GHz Turbo, 24MB Smart CacheNVIDIA GeForce RTX 3050 Laptop GPU 6GB GDDR6 VRAMVapor Chamber Cooler Design for higher performanceIR HD Webcam with Privacy ShutterPer-Key RGB Laptop Gaming Keyboard by SteelSeriesLarge 72Whr Lithium Ion BatterySound by Dynaudio Audio SystemSee more","$1,899.00",https://c1.neweggimages.com/ProductImageCompressAll60/34-156-519-01.jpg,"[{""Product Gallery Images"":"""",""Product Gallery Images-src"":""https://c1.neweggimages.com/ProductImageCompressAll60/34-156-519-01.jpg""},{""Product Gallery Images"":"""",""Product Gallery Images-src"":""https://c1.neweggimages.com/ProductImageCompressAll60/34-156-519-02.jpg""},{""Product Gallery Images"":"""",""Product Gallery Images-src"":""https://c1.neweggimages.com/ProductImageCompressAll60/34-156-519-04.jpg""},{""Product Gallery Images"":"""",""Product Gallery Images-src"":""https://c1.neweggimages.com/ProductImageCompressAll60/34-156-519-05.jpg""},{""Product Gallery Images"":"""",""Product Gallery Images-src"":""https://c1.neweggimages.com/ProductImageCompressAll60/34-156-519-06.jpg""}]"
1720634866-22,https://www.newegg.ca/Gaming-Laptops/SubCategory/ID-3365,"ASUS ROG Zephyrus G16 GU605MZ-DS92-CA w/ Core™ Ultra 9-185H, 32GB, 2TB SSD, 16"" WQXGA, RTX 4080, Wi-Fi 6E, BT 5.3, Win 11 Home",https://www.newegg.ca/p/N82E16834236529,"ASUS ROG Zephyrus G16 GU605MZ-DS92-CA w/ Core™ Ultra 9-185H, 32GB, 2TB SSD, 16"" WQXGA, RTX 4080, Wi-Fi 6E, BT 5.3, Win 11 Home","Windows 11 HomeNVIDIA® GeForce RTX™ 4080 Laptop GPUIntel® AI Boost NPUIntel® Core™ Ultra 9 Processor 185H2.5K (2560 x 1600, WQXGA) 16:10 240Hz OLED ROG Nebula Display2TB M.2 NVMe™ PCIe® 4.0 Performance SSD storageSee more","$3,999.99",https://c1.neweggimages.com/ProductImageCompressAll60/34-236-528-01.jpg,"[{""Product Gallery Images"":"""",""Product Gallery Images-src"":""https://c1.neweggimages.com/ProductImageCompressAll60/34-236-528-01.jpg""},{""Product Gallery Images"":"""",""Product Gallery Images-src"":""https://c1.neweggimages.com/ProductImageCompressAll60/34-236-528-10.jpg""},{""Product Gallery Images"":"""",""Product Gallery Images-src"":""https://c1.neweggimages.com/ProductImageCompressAll60/34-236-528-02.jpg""},{""Product Gallery Images"":"""",""Product Gallery Images-src"":""https://c1.neweggimages.com/ProductImageCompressAll60/34-236-528-03.jpg""},{""Product Gallery Images"":"""",""Product Gallery Images-src"":""https://c1.neweggimages.com/ProductImageCompressAll60/34-236-528-04.jpg""}]"
1720634869-23,https://www.newegg.ca/Gaming-Laptops/SubCategory/ID-3365,GIGABYTE G5 Series G5 KF5-H3US354KH 15.6'' 144 Hz IPS Intel Core i7-13620H GeForce RTX 4060 Laptop GPU 16GB Memory 1 TB PCIe SSD Windows 11 Home 64-bit Gaming Laptop,https://www.newegg.ca/black-gigabyte-g5-series-g5-kf5-h3us354kh-gaming/p/N82E16834233578,GIGABYTE G5 Series - 15.6'' 144 Hz IPS - Intel Core i7-13620H - GeForce RTX 4060 Laptop GPU - 16 GB DDR5 - 1 TB PCIe SSD - Windows 11 Home 64-bit - Gaming Laptop (G5 KF5-H3US354KH ),"NVIDIA GeForce RTX 40 Series: NVIDIA GeForce RTX 4060 Laptop GPU 8GB GDDR6Intel 13th Gen Ready: 13th Gen Intel Core i7-13620H Processor, Up to 4.9 GHzDDR5 Ready: DDR5 4800 8GB*2 (16GB), 1TB Storage (Gen4 M.2 SSD)Cutting-Edge Display: 15.6"" 16:9 FHD 1920x1080, 144HzNext Gen Interface: Windows 11 Home+, Intel Wi-Fi 6E, Bluetooth V5.2Dynamic Audio: Dolby Atmos Audio Technology, Built-in Microphone, 2x 2W SpeakersIO: 2x USB3.2 Gen2 Type-C, 1x HDMI 2.1, 1x Mini DP 1.4, 1x USB 3.2 Gen1 (Type-A), 1x USB 2.0 Type-A, 1x RJ45, 1x Audio Combo Jack, 1x DC InSee more","$1,099.99",https://c1.neweggimages.com/ProductImageCompressAll60/34-233-578-01.jpg,"[{""Product Gallery Images"":"""",""Product Gallery Images-src"":""https://c1.neweggimages.com/ProductImageCompressAll60/34-233-578-01.jpg""},{""Product Gallery Images"":"""",""Product Gallery Images-src"":""https://c1.neweggimages.com/ProductImageCompressAll60/34-233-578-02.jpg""},{""Product Gallery Images"":"""",""Product Gallery Images-src"":""https://c1.neweggimages.com/ProductImageCompressAll60/34-233-578-03.jpg""},{""Product Gallery Images"":"""",""Product Gallery Images-src"":""https://c1.neweggimages.com/ProductImageCompressAll60/34-233-578-05.jpg""},{""Product Gallery Images"":"""",""Product Gallery Images-src"":""https://c1.neweggimages.com/ProductImageCompressAll60/34-233-578-06.jpg""}]"
1720634872-24,https://www.newegg.ca/Gaming-Laptops/SubCategory/ID-3365,"MSI Bravo 15 15.6"" 144Hz Gaming Laptop AMD Ryzen R7-7735HS RTX4060 32GB 1TB NVMe SSD Win11",https://www.newegg.ca/p/N82E16834156509,"MSI Bravo 15 15.6"" 144Hz Gaming Laptop AMD Ryzen R7-7735HS RTX4060 32GB 1TB NVMe SSD Win11","NVIDIA GeForce RTX 4060 Laptop GPU 8G GDDR6 7735HS (3.20GHz) 32GB Memory 1 TB PCIe SSD 15.6"" 1920 x 1080See more","$1,739.00",https://c1.neweggimages.com/ProductImageCompressAll60/34-156-509-02.jpg,"[{""Product Gallery Images"":"""",""Product Gallery Images-src"":""https://c1.neweggimages.com/ProductImageCompressAll60/34-156-509-02.jpg""},{""Product Gallery Images"":"""",""Product Gallery Images-src"":""https://c1.neweggimages.com/ProductImageCompressAll60/34-156-509-03.jpg""},{""Product Gallery Images"":"""",""Product Gallery Images-src"":""https://c1.neweggimages.com/ProductImageCompressAll60/34-156-509-01.jpg""},{""Product Gallery Images"":"""",""Product Gallery Images-src"":""https://c1.neweggimages.com/ProductImageCompressAll60/34-156-509-04.jpg""},{""Product Gallery Images"":"""",""Product Gallery Images-src"":""https://c1.neweggimages.com/ProductImageCompressAll60/34-156-509-05.jpg""}]"
1720634875-25,https://www.newegg.ca/Gaming-Laptops/SubCategory/ID-3365,"ASUS TUF F15 15.6"" 144Hz FHD Gaming Laptop, Intel Core i7-12700H, NVIDIA GeForce RTX 4070, 16GB RAM, 1TB SSD, RGB Keyboard, Smart AMP Audio, Wi-Fi 6, Gray, Win 11 Pro, 128GB Hotface Extension Set",https://www.newegg.ca/p/2WC-000N-0E9K9?Item=9SIBTEUK5E7622&cm_sp=SP-_-2389492-_-Pers_SubCategorySponsoredProduct-_-4-_-9SIBTEUK5E7622-_-3365-_--_-16,"ASUS TUF F15 15.6"" 144Hz FHD Gaming Laptop, Intel Core i7-12700H, NVIDIA GeForce RTX 4070, 16GB RAM, 1TB SSD, RGB Keyboard, Smart AMP Audio, Wi-Fi 6, Gray, Win 11 Pro, 128GB Hotface Extension Set","15.6"" FHD DisplayIntel Core i7-12700H ProcessorNVIDIA GeForce RTX 4070 8GB GDDR6 GraphicsRGB Keyboard with Numeric KeypadWindows 11 ProSee more","$1,899.00",https://c1.neweggimages.com/ProductImageCompressAll60/BTETS2404190J87EMCD.jpg,"[{""Product Gallery Images"":"""",""Product Gallery Images-src"":""https://c1.neweggimages.com/ProductImageCompressAll60/BTETS2404190J87EMCD.jpg""},{""Product Gallery Images"":"""",""Product Gallery Images-src"":""https://c1.neweggimages.com/ProductImageCompressAll60/BTETS2404190J87BH1F.jpg""},{""Product Gallery Images"":"""",""Product Gallery Images-src"":""https://c1.neweggimages.com/ProductImageCompressAll60/BTETD2312250F9NBM6C.jpg""},{""Product Gallery Images"":"""",""Product Gallery Images-src"":""https://c1.neweggimages.com/ProductImageCompressAll60/BTETD2312250F9NO027.jpg""},{""Product Gallery Images"":"""",""Product Gallery Images-src"":""https://c1.neweggimages.com/ProductImageCompressAll60/BTETD2312250F9NJR59.jpg""}]"
1720634878-26,https://www.newegg.ca/Gaming-Laptops/SubCategory/ID-3365,"Lenovo Legion 5i Gaming Laptop 16"" 165Hz WQXGA Intel i7-14650HX GeForce RTX 4070 16GB 1TB SSD Windows 11 Home, 83DG0098CC",https://www.newegg.ca/p/N82E16834840532,"Lenovo Legion 5i Gaming Laptop 16"" 165Hz WQXGA Intel i7-14650HX GeForce RTX 4070 16GB 1TB SSD Windows 11 Home, 83DG0098CC","Intel® Core™ i7-14650HX, 16C (8P + 8E) / 24T, P-core 2.2 / 5.2GHz, E-core 1.6 / 3.7GHz, 30MBNVIDIA® GeForce RTX™ 4070 8GB GDDR6, Boost Clock 2175MHz, TGP 140WIntel® HM770 Chipset2x 8GB SO-DIMM DDR5-56001TB SSD M.2 2280 PCIe® 4.0x4 NVMe®See more","$2,199.99",https://c1.neweggimages.com/ProductImageCompressAll60/34-840-532-01.jpg,"[{""Product Gallery Images"":"""",""Product Gallery Images-src"":""https://c1.neweggimages.com/ProductImageCompressAll60/34-840-532-01.jpg""},{""Product Gallery Images"":"""",""Product Gallery Images-src"":""https://c1.neweggimages.com/ProductImageCompressAll60/34-840-532-02.jpg""},{""Product Gallery Images"":"""",""Product Gallery Images-src"":""https://c1.neweggimages.com/ProductImageCompressAll60/34-840-532-03.jpg""},{""Product Gallery Images"":"""",""Product Gallery Images-src"":""https://c1.neweggimages.com/ProductImageCompressAll60/34-840-532-04.jpg""},{""Product Gallery Images"":"""",""Product Gallery Images-src"":""https://c1.neweggimages.com/ProductImageCompressAll60/34-840-532-05.jpg""}]"
1720634881-27,https://www.newegg.ca/Gaming-Laptops/SubCategory/ID-3365,GIGABYTE G6X Series G6X 9KG-43US864SH 16'' 165 Hz IPS Intel Core i7-13650HX GeForce RTX 4060 Laptop GPU 32GB Memory 1 TB PCIe SSD Windows 11 Home 64-bit Gaming Laptop,https://www.newegg.ca/gunmetal-gray-gigabyte-g6x-series-g6x-9kg-43us864sh-gaming/p/N82E16834233576,GIGABYTE G6X Series - 16'' 165 Hz IPS - Intel Core i7-13650HX - GeForce RTX 4060 Laptop GPU - 32 GB DDR5 - 1 TB PCIe SSD - Windows 11 Home 64-bit - Gaming Laptop (G6X 9KG-43US864SH ),"NVIDIA GeForce RTX 40 Series: NVIDIA GeForce RTX 4060 Laptop GPU 8GB GDDR6Intel 13th Gen Ready: 13th Gen Intel Core i7-13650HX Processor, Up to 4.9 GHzDDR5 Ready: DDR5 4800 16GB*2 (32GB), 1TB Storage (Gen4 M.2 SSD)Cutting-Edge Display: 16.0"" 16:10 WUXGA 1920x1200, 165HzNext Gen Interface: Windows 11 Home AD, Intel Wi-Fi 6E, Bluetooth V5.2Dynamic Audio: Dolby Atmos Audio Technology, Built-in Microphone, 2x 2W SpeakersIO: 1x USB3.2 Gen2 Type-C (Supports Power Delivery), 1x USB3.2 Gen2 Type-C (Supports DisplayPort 1.4), 1x HDMI 2.1, 1x USB 3.2 Gen2 (Type-A), 1x USB 3.2 Gen1 (Type-A), 1x RJ45,  1x Audio Combo Jack, 1x DC InSee more","$1,699.99",https://c1.neweggimages.com/ProductImageCompressAll60/34-233-576-01.jpg,"[{""Product Gallery Images"":"""",""Product Gallery Images-src"":""https://c1.neweggimages.com/ProductImageCompressAll60/34-233-576-01.jpg""},{""Product Gallery Images"":"""",""Product Gallery Images-src"":""https://c1.neweggimages.com/ProductImageCompressAll60/34-233-576-02.jpg""},{""Product Gallery Images"":"""",""Product Gallery Images-src"":""https://c1.neweggimages.com/ProductImageCompressAll60/34-233-576-03.jpg""},{""Product Gallery Images"":"""",""Product Gallery Images-src"":""https://c1.neweggimages.com/ProductImageCompressAll60/34-233-576-04.jpg""},{""Product Gallery Images"":"""",""Product Gallery Images-src"":""https://c1.neweggimages.com/ProductImageCompressAll60/34-233-576-05.jpg""}]"
1720634884-28,https://www.newegg.ca/Gaming-Laptops/SubCategory/ID-3365,Aorus 15 BSF-73US754SH 15.6'' 165 Hz Intel Core i7-13700H GeForce RTX 4070 Laptop GPU 16GB Memory 1 TB Gen4 SSD Windows 11 Home 64-bit Gaming Laptop,https://www.newegg.ca/p/N82E16834725214,Aorus - 15.6'' 165 Hz - Intel Core i7-13700H - GeForce RTX 4070 Laptop GPU - 16 GB DDR5 - 1 TB Gen4 SSD - Windows 11 Home 64-bit - Gaming Laptop (15 BSF-73US754SH ),"NVIDIA GeForce RTX 4070 Laptop GPU Boost Clock 2175 MHz / Maximum Graphics Power 140W 8 GB GDDR6 Intel Core i7-13700H 16GB Memory 1 TB Gen4 SSD 15.6'' 2560 x 1440 Thin Bezel QHD, 165 Hz, up to 100% DCI-P3, TÜV Rheinland-certified 14.20"" x 10.70"" x 0.82"" 4.96 lbs. 1 x Mini DisplayPort 1.4 1 x HDMI 2.1 1 x Thunderbolt 4 (Type-C, support Power delivery) 1 x USB 3.2 Gen 1 Type-A 2 x USB 3.2 Gen 2 Type-A 1 x USB 3.2 Gen 2 Type-CSee more","$2,149.99",https://c1.neweggimages.com/ProductImageCompressAll60/34-725-214-05.jpg,"[{""Product Gallery Images"":"""",""Product Gallery Images-src"":""https://c1.neweggimages.com/ProductImageCompressAll60/34-725-214-05.jpg""},{""Product Gallery Images"":"""",""Product Gallery Images-src"":""https://c1.neweggimages.com/ProductImageCompressAll60/34-725-214-01.jpg""},{""Product Gallery Images"":"""",""Product Gallery Images-src"":""https://c1.neweggimages.com/ProductImageCompressAll60/34-725-214-03.jpg""},{""Product Gallery Images"":"""",""Product Gallery Images-src"":""https://c1.neweggimages.com/ProductImageCompressAll60/34-725-214-02.jpg""},{""Product Gallery Images"":"""",""Product Gallery Images-src"":""https://c1.neweggimages.com/ProductImageCompressAll60/34-725-214-09.jpg""}]"
1720634887-29,https://www.newegg.ca/Gaming-Laptops/SubCategory/ID-3365,"MSI Cyborg 15 AI 15.6"" 144Hz Gaming Laptop Intel Core Ultra7-155H RTX 4060 16GB 1TB NVMe SSD Win11",https://www.newegg.ca/p/N82E16834156634,"MSI Cyborg 15 AI 15.6"" 144Hz Gaming Laptop Intel Core Ultra7-155H RTX 4060 16GB 1TB NVMe SSD Win11","NVIDIA® GeForce RTX™ 4060 Laptop GPU 8G GDDR6 Intel Core Ultra 7 155H 16GB Memory 1 TB SSD 15.6"" 4K @ 60Hz 1x USB 3.2 Gen1 w/DP1.4 2x USB 3.2 Gen1See more","$1,599.99",https://c1.neweggimages.com/ProductImageCompressAll60/34-156-634-02.jpg,"[{""Product Gallery Images"":"""",""Product Gallery Images-src"":""https://c1.neweggimages.com/ProductImageCompressAll60/34-156-634-02.jpg""},{""Product Gallery Images"":"""",""Product Gallery Images-src"":""https://c1.neweggimages.com/ProductImageCompressAll60/34-156-634-03.jpg""},{""Product Gallery Images"":"""",""Product Gallery Images-src"":""https://c1.neweggimages.com/ProductImageCompressAll60/34-156-634-01.jpg""},{""Product Gallery Images"":"""",""Product Gallery Images-src"":""https://c1.neweggimages.com/ProductImageCompressAll60/34-156-634-04.jpg""},{""Product Gallery Images"":"""",""Product Gallery Images-src"":""https://c1.neweggimages.com/ProductImageCompressAll60/34-156-634-05.jpg""}]"
1720634889-30,https://www.newegg.ca/Gaming-Laptops/SubCategory/ID-3365,"MSI Raider GE78 HX 17"" QHD+ 240Hz Gaming Laptop Intel® Core™ i9-14900HX RTX 4090 64GBDDR5 2TBNVMe SSD Win 11 Pro",https://www.newegg.ca/p/N82E16834156608,"MSI Raider GE78 HX 17"" QHD+ 240Hz Gaming Laptop Intel® Core™ i9-14900HX RTX 4090 64GBDDR5 2TBNVMe SSD Win 11 Pro","Intel Core i9-14900HX 64GB Memory 2 TB SSD 17.0""","$4,999.00",https://c1.neweggimages.com/ProductImageCompressAll60/34-156-608-08.jpg,"[{""Product Gallery Images"":"""",""Product Gallery Images-src"":""https://c1.neweggimages.com/ProductImageCompressAll60/34-156-608-08.jpg""},{""Product Gallery Images"":"""",""Product Gallery Images-src"":""https://c1.neweggimages.com/ProductImageCompressAll60/34-156-608-10.jpg""},{""Product Gallery Images"":"""",""Product Gallery Images-src"":""https://c1.neweggimages.com/ProductImageCompressAll60/34-156-608-07.jpg""},{""Product Gallery Images"":"""",""Product Gallery Images-src"":""https://c1.neweggimages.com/ProductImageCompressAll60/34-156-608-03.jpg""},{""Product Gallery Images"":"""",""Product Gallery Images-src"":""https://c1.neweggimages.com/ProductImageCompressAll60/34-156-608-01.jpg""}]"
1720634892-31,https://www.newegg.ca/Gaming-Laptops/SubCategory/ID-3365,"MSI TITAN 18 HX 18"" UHD+ 120Hz Mini LED Intel® Core™ i9-14900HX RTX 4080 64GBDDR5 4TB NVMe SSD Win 11 Pro",https://www.newegg.ca/p/N82E16834156606,"MSI TITAN 18 HX 18"" UHD+ 120Hz Mini LED Intel® Core™ i9-14900HX RTX 4080 64GBDDR5 4TB NVMe SSD Win 11 Pro","18"" UHD+ (3840x2400) with a 120Hz Mini LED display.HDR 1000 and 100% DCI-P3 color gamut.Powered by an Intel® Core™ i9-14900HX processor.Equipped with an NVIDIA® GeForce RTX™ 4080 Laptop GPU.DDR5 64GB (expandable up to 128GB using 4 slots).Video Memory: 16G GDDR6.Features 1x PCIe Gen5x4 SSD and 2x PCIe Gen4x4 SSD for high-speed storage.4TB (2TB*2) NVMe PCIe SSD.Windows 11 Pro.Cherry Mechanical KB with SteelSeries per-Key RGB (99 Key)Sound by Dynaudio, featuring 4x2W Speakers and 2 x 2W WooferDespite its powerful hardware, the sleek chassis is less than an inch thick, enhancing mobility and versatility.See more","$5,699.00",https://c1.neweggimages.com/ProductImageCompressAll60/34-156-605-03.jpg,"[{""Product Gallery Images"":"""",""Product Gallery Images-src"":""https://c1.neweggimages.com/ProductImageCompressAll60/34-156-605-03.jpg""},{""Product Gallery Images"":"""",""Product Gallery Images-src"":""https://c1.neweggimages.com/ProductImageCompressAll60/34-156-605-01.jpg""},{""Product Gallery Images"":"""",""Product Gallery Images-src"":""https://c1.neweggimages.com/ProductImageCompressAll60/34-156-605-07.jpg""},{""Product Gallery Images"":"""",""Product Gallery Images-src"":""https://c1.neweggimages.com/ProductImageCompressAll60/34-156-605-08.jpg""},{""Product Gallery Images"":"""",""Product Gallery Images-src"":""https://c1.neweggimages.com/ProductImageCompressAll60/34-156-605-09.jpg""}]"
1720634895-32,https://www.newegg.ca/Gaming-Laptops/SubCategory/ID-3365,"Lenovo Legion 5 Pro 16"" QHD 165Hz Gaming Laptop, AMD Ryzen 7 5800H, 16GB RAM, 1TB PCIe SSD, NVIDIA GeForce RTX 3070, Backlit Keyboard, 720P Webcam, Grey, Win 11 Pro, 128GB Hotface Extension Set",https://www.newegg.ca/p/2WC-000J-02P16?Item=9SIBTEUK5E7917&cm_sp=SP-_-2391102-_-Pers_SubCategorySponsoredProduct-_-4-_-9SIBTEUK5E7917-_-3365-_--_-9,"Lenovo Legion 5 Pro 16"" QHD 165Hz Gaming Laptop, AMD Ryzen 7 5800H, 16GB RAM, 1TB PCIe SSD, NVIDIA GeForce RTX 3070, Backlit Keyboard, 720P Webcam, Grey, Win 11 Pro, 128GB Hotface Extension Set","[Upgraded] Seal is opened for upgrade only, 1-Year warranty on Upgraded RAM/SSD from SnowBell, and original 1-Year Manufacture warranty on remaining components.[16"" QHD 165Hz Display] 2560 x 1440 resolution boasts impressive color and clarity. [AMD Ryzen 7-5800H Processor]  Octa-core, sixteen-way processing provides maximum high-efficiency power to go. 2x 2W Stereo Speakers & 720p HD camera with Privacy Shutter, with dual array microphones.[16GB DDR4 RAM] Plenty of high-bandwidth RAM to smoothly run your games as well as multiple programs. [1TB PCIe SSD] Save files fast and store more data. With plenty amounts of storage and advanced communication power, great for major gaming, multiple servers, backups, and more.[Backlit Keyboard] Allows you to enjoy comfortable and accurate typing, even in dim lighting.[NVIDIA GeForce RTX 3070 Graphics] with 6GB GDDR6 video memory provide solid image quality for Internet use, movies, basic photo editing and casual gaming.See more","$2,099.00",https://c1.neweggimages.com/ProductImageCompressAll60/BTETS24041904CII8D2.jpg,"[{""Product Gallery Images"":"""",""Product Gallery Images-src"":""https://c1.neweggimages.com/ProductImageCompressAll60/BTETS24041904CII8D2.jpg""},{""Product Gallery Images"":"""",""Product Gallery Images-src"":""https://c1.neweggimages.com/ProductImageCompressAll60/BTETS24041904CIHU1F.jpg""},{""Product Gallery Images"":"""",""Product Gallery Images-src"":""https://c1.neweggimages.com/ProductImageCompressAll60/BTETS24041904CIMV77.jpg""},{""Product Gallery Images"":"""",""Product Gallery Images-src"":""https://c1.neweggimages.com/ProductImageCompressAll60/BTETS24041904CI943A.jpg""},{""Product Gallery Images"":"""",""Product Gallery Images-src"":""https://c1.neweggimages.com/ProductImageCompressAll60/BTETS24041904CIGEC4.jpg""}]"
1720634897-33,https://www.newegg.ca/Gaming-Laptops/SubCategory/ID-3365,GIGABYTE G5 Series G5 MF5-H2US354KH 15.6'' 144 Hz IPS Intel Core i7-13620H GeForce RTX 4050 Laptop GPU 16GB Memory 1 TB PCIe SSD Windows 11 Home 64-bit Gaming Laptop,https://www.newegg.ca/black-gigabyte-g5-series-g5-mf5-h2us354kh-gaming/p/N82E16834233584,GIGABYTE G5 Series - 15.6'' 144 Hz IPS - Intel Core i7-13620H - GeForce RTX 4050 Laptop GPU - 16 GB DDR5 - 1 TB PCIe SSD - Windows 11 Home 64-bit - Gaming Laptop (G5 MF5-H2US354KH ),"NVIDIA GeForce RTX 40 Series: NVIDIA GeForce RTX 4050 Laptop GPU 6GB GDDR6Intel 13th Gen Ready: 13th Gen Intel Core i7-13620H Processor, Up to 4.9 GHzDDR5 Ready: DDR5 4800 8GB*2 (16GB), 1TB Storage (Gen4 M.2 SSD)Cutting-Edge Display: 15.6"" 16:9 FHD 1920x1080, 144HzNext Gen Interface: Windows 11 Home+, Intel Wi-Fi 6E, Bluetooth V5.2Dynamic Audio: Dolby Atmos Audio Technology, Built-in Microphone, 2x 2W SpeakersIO: 2x USB3.2 Gen2 Type-C, 1x HDMI 2.1, 1x Mini DP 1.4, 1x USB 3.2 Gen1 (Type-A), 1x USB 2.0 Type-A, 1x RJ45, 1x Audio Combo Jack, 1x DC InSee more","$1,099.99",https://c1.neweggimages.com/ProductImageCompressAll60/34-233-584-01.jpg,"[{""Product Gallery Images"":"""",""Product Gallery Images-src"":""https://c1.neweggimages.com/ProductImageCompressAll60/34-233-584-01.jpg""},{""Product Gallery Images"":"""",""Product Gallery Images-src"":""https://c1.neweggimages.com/ProductImageCompressAll60/34-233-584-02.jpg""},{""Product Gallery Images"":"""",""Product Gallery Images-src"":""https://c1.neweggimages.com/ProductImageCompressAll60/34-233-584-03.jpg""},{""Product Gallery Images"":"""",""Product Gallery Images-src"":""https://c1.neweggimages.com/ProductImageCompressAll60/34-233-584-04.jpg""},{""Product Gallery Images"":"""",""Product Gallery Images-src"":""https://c1.neweggimages.com/ProductImageCompressAll60/34-233-584-05.jpg""}]"
1720634900-34,https://www.newegg.ca/Gaming-Laptops/SubCategory/ID-3365,"MSI THIN 15 15.6"" 144Hz Gaming Laptop Intel Core i7-12650H RTX 3050 16GB 512GB NVMe SSD Win11",https://www.newegg.ca/p/N82E16834156639,"MSI THIN 15 15.6"" 144Hz Gaming Laptop Intel Core i7-12650H RTX 3050 16GB 512GB NVMe SSD Win11","NVIDIA® GeForce RTX™ 3050 Laptop GPU 4G GDDR6 Intel Core i7-12650H 16GB Memory 512 GB SSD 15.6"" 4K @ 30Hz 1x USB 3.2 Gen1 w/DP1.4 3x USB 3.2 Gen1See more","$1,099.00",https://c1.neweggimages.com/ProductImageCompressAll60/34-156-639-03.jpg,"[{""Product Gallery Images"":"""",""Product Gallery Images-src"":""https://c1.neweggimages.com/ProductImageCompressAll60/34-156-639-03.jpg""},{""Product Gallery Images"":"""",""Product Gallery Images-src"":""https://c1.neweggimages.com/ProductImageCompressAll60/34-156-639-10.jpg""},{""Product Gallery Images"":"""",""Product Gallery Images-src"":""https://c1.neweggimages.com/ProductImageCompressAll60/34-156-639-09.jpg""},{""Product Gallery Images"":"""",""Product Gallery Images-src"":""https://c1.neweggimages.com/ProductImageCompressAll60/34-156-639-01.jpg""},{""Product Gallery Images"":"""",""Product Gallery Images-src"":""https://c1.neweggimages.com/ProductImageCompressAll60/34-156-639-02.jpg""}]"
1720634903-35,https://www.newegg.ca/Gaming-Laptops/SubCategory/ID-3365,"Lenovo Legion 5 Pro 16"" QHD 165Hz Gaming Laptop, AMD Ryzen 7 5800H, 16GB RAM, 512GB PCIe SSD, NVIDIA GeForce RTX 3070, Backlit Keyboard, 720P Webcam, Grey, Win 11 Pro, 128GB Hotface Extension Set",https://www.newegg.ca/p/2WC-000J-02P17?Item=9SIBTEUK5E7921&cm_sp=SP-_-2391102-_-Pers_SubCategorySponsoredProduct-_-4-_-9SIBTEUK5E7921-_-3365-_--_-6,"Lenovo Legion 5 Pro 16"" QHD 165Hz Gaming Laptop, AMD Ryzen 7 5800H, 16GB RAM, 512GB PCIe SSD, NVIDIA GeForce RTX 3070, Backlit Keyboard, 720P Webcam, Grey, Win 11 Pro, 128GB Hotface Extension Set","[16"" QHD 165Hz Display] 2560 x 1440 resolution boasts impressive color and clarity. [AMD Ryzen 7-5800H Processor]  Octa-core, sixteen-way processing provides maximum high-efficiency power to go. 2x 2W Stereo Speakers & 720p HD camera with Privacy Shutter, with dual array microphones.[16GB DDR4 RAM] Plenty of high-bandwidth RAM to smoothly run your games as well as multiple programs. [512GB PCIe SSD] Save files fast and store more data. With plenty amounts of storage and advanced communication power, great for major gaming, multiple servers, backups, and more.[Backlit Keyboard] Allows you to enjoy comfortable and accurate typing, even in dim lighting.[NVIDIA GeForce RTX 3070 Graphics] with 6GB GDDR6 video memory provide solid image quality for Internet use, movies, basic photo editing and casual gaming.See more","$2,049.00",https://c1.neweggimages.com/ProductImageCompressAll60/BTETS24041904EUZ9D2.jpg,"[{""Product Gallery Images"":"""",""Product Gallery Images-src"":""https://c1.neweggimages.com/ProductImageCompressAll60/BTETS24041904EUZ9D2.jpg""},{""Product Gallery Images"":"""",""Product Gallery Images-src"":""https://c1.neweggimages.com/ProductImageCompressAll60/BTETS24041904EV1L1F.jpg""},{""Product Gallery Images"":"""",""Product Gallery Images-src"":""https://c1.neweggimages.com/ProductImageCompressAll60/BTETS24041904EV3P11.jpg""},{""Product Gallery Images"":"""",""Product Gallery Images-src"":""https://c1.neweggimages.com/ProductImageCompressAll60/BTETS24041904EUW03A.jpg""},{""Product Gallery Images"":"""",""Product Gallery Images-src"":""https://c1.neweggimages.com/ProductImageCompressAll60/BTETS24041904EV5N3E.jpg""}]"
1720634906-36,https://www.newegg.ca/Gaming-Laptops/SubCategory/ID-3365,GIGABYTE G6 Series G6 KF-H3US865KH 16'' 165 Hz IPS Intel Core i7-13620H GeForce RTX 4060 Laptop GPU 32GB Memory 2 TB PCIe SSD Windows 11 Home 64-bit Gaming Laptop,https://www.newegg.ca/black-gigabyte-g6-series-g6-kf-h3us865kh-gaming/p/N82E16834233577,GIGABYTE G6 Series - 16'' 165 Hz IPS - Intel Core i7-13620H - GeForce RTX 4060 Laptop GPU - 32 GB DDR5 - 2 TB PCIe SSD - Windows 11 Home 64-bit - Gaming Laptop (G6 KF-H3US865KH ),"NVIDIA GeForce RTX 40 Series: NVIDIA GeForce RTX 4060 Laptop GPU 8GB GDDR6Intel 13th Gen Ready: 13th Gen Intel Core i7-13620H Processor, Up to 4.9 GHzDDR5 Ready: DDR5 4800 16GB*2 (32GB), 2TB Storage (Gen4 M.2 SSD)Cutting-Edge Display: 16.0"" 16:10 WUXGA 1920x1200, 165HzNext Gen Interface: Windows 11 Home AD, Intel Wi-Fi 6E, Bluetooth V5.2Dynamic Audio: Dolby Atmos Audio Technology, Built-in Microphone, 2x 2W SpeakersIO: 2x USB3.2 Gen2 Type-C, 1x HDMI 2.1, 1x USB 3.2 Gen1 (Type-A), 1 x USB 2.0 Type-A, 1x RJ45, 1x Audio Combo Jack, 1x DC InSee more","$1,399.99",https://c1.neweggimages.com/ProductImageCompressAll60/34-233-577-01.jpg,"[{""Product Gallery Images"":"""",""Product Gallery Images-src"":""https://c1.neweggimages.com/ProductImageCompressAll60/34-233-577-01.jpg""},{""Product Gallery Images"":"""",""Product Gallery Images-src"":""https://c1.neweggimages.com/ProductImageCompressAll60/34-233-577-02.jpg""},{""Product Gallery Images"":"""",""Product Gallery Images-src"":""https://c1.neweggimages.com/ProductImageCompressAll60/34-233-577-03.jpg""},{""Product Gallery Images"":"""",""Product Gallery Images-src"":""https://c1.neweggimages.com/ProductImageCompressAll60/34-233-577-04.jpg""},{""Product Gallery Images"":"""",""Product Gallery Images-src"":""https://c1.neweggimages.com/ProductImageCompressAll60/34-233-577-05.jpg""}]"
1720634908-37,https://www.newegg.ca/Gaming-Laptops/SubCategory/ID-3365,"ASUS ROG Zephyrus G16 (2024) Gaming Laptop,16” 16:10 2.5K 240Hz/0.2ms,100% DCI-P3,OLED Display,GeForce RTX 4070,Intel® Core™ Ultra 9 185H,16GB RAM,1TB PCIe SSD,Wi-Fi 6E, Windows 11,GU605MI-DS91-CA",https://www.newegg.ca/p/N82E16834236525,"ASUS ROG Zephyrus G16 (2024) Gaming Laptop,16” 16:10 2.5K 240Hz/0.2ms,100% DCI-P3,OLED Display,GeForce RTX 4070,Intel® Core™ Ultra 9 185H,16GB RAM,1TB PCIe SSD,Wi-Fi 6E, Windows 11,GU605MI-DS91-CA","Windows 11 HomeNVIDIA® GeForce RTX™ 4070 Laptop GPUIntel® AI Boost NPUIntel® Core™ Ultra 9 Processor 185H2.5K (2560 x 1600, WQXGA) 16:10 240Hz OLED ROG Nebula Display1TB M.2 NVMe™ PCIe® 4.0 SSD storageSee more","$2,899.99",https://c1.neweggimages.com/ProductImageCompressAll60/34-236-525-01.jpg,"[{""Product Gallery Images"":"""",""Product Gallery Images-src"":""https://c1.neweggimages.com/ProductImageCompressAll60/34-236-525-01.jpg""},{""Product Gallery Images"":"""",""Product Gallery Images-src"":""https://c1.neweggimages.com/ProductImageCompressAll60/34-236-525-02.jpg""},{""Product Gallery Images"":"""",""Product Gallery Images-src"":""https://c1.neweggimages.com/ProductImageCompressAll60/34-236-525-03.jpg""}]"
1720634911-38,https://www.newegg.ca/Gaming-Laptops/SubCategory/ID-3365,"Hasee Z8 (15.6'', i7-12650H, RTX4060), Gaming Laptop, i7-12650H 4.7GHz, 16G DDR5 RAM, 512G NVMe PCIe4.0 SSD, RTX4060 8G GDDR6, 15.6'' QHD 165Hz 100%sRGB Display, RGB KB, WF6, BT5.2, Win11, Ore Black",https://www.newegg.ca/black-hasee-z8-gaming/p/2WC-004U-00040?Item=9SIBDTDJTC1453&cm_sp=SP-_-2029018-_-Pers_SubCategorySponsoredProduct-_-4-_-9SIBDTDJTC1453-_-3365-_--_-3,"Hasee Z8 (15.6'', i7-12650H, RTX4060), Gaming Laptop, i7-12650H 4.7GHz, 16G DDR5 RAM, 512G NVMe PCIe4.0 SSD, RTX4060 8G GDDR6, 15.6'' QHD 165Hz 100%sRGB Display, RGB KB, WF6, BT5.2, Win11, Ore Black","[Epoch-making Intel Core 12th Gen] 6 P-cores, 4 E-cores, 16 threads, 24MB Smart Cache, new hybrid architecture, i7-12650H max turbo frequency is amazing 4.7GHz, with 16G DDR5 ram and 512G PCIe4.0 SSD, let you always enjoy the smooth.[High-tech Beast Nvidia Geforce RTX 4060] 3072 CUDA Cores, 3rd Gen RT Core, 4th Gen Tensor Core, applying DLSS 3, RTX, Max-Q, Reflex, with Hasee GPU Direct Communication Tech and 8G GDDR6 video memory, max frequency is 2370 MHz and has 140W full TGP, make you easily enjoy gaming, broadcast, designing, VR and AI.[15.6'' Dazzling Screen Born for Gaming] 2.5K resolution and 165Hz refresh rate, making every second and every frame in the gaming world breathtaking.[Hasee Intelligent Cooling] Dual fans and 7 copper pipes. Press fn+1 to turn on strong cooling mode and the laptop's dynamic performance is at its best.[Up to 12 Months Worry-free Warranty] We offer a 30-day refund and a 12-month warranty (except for batteries, which warranty is 6 months).See more","$1,186.99",https://c1.neweggimages.com/ProductImageCompressAll60/BDT0S2304270RJ8UO52.jpg,"[{""Product Gallery Images"":"""",""Product Gallery Images-src"":""https://c1.neweggimages.com/ProductImageCompressAll60/BDT0S2304270RJ8UO52.jpg""},{""Product Gallery Images"":"""",""Product Gallery Images-src"":""https://c1.neweggimages.com/ProductImageCompressAll60/BDT0S2308080G9PKDEA.jpg""},{""Product Gallery Images"":"""",""Product Gallery Images-src"":""https://c1.neweggimages.com/ProductImageCompressAll60/BDT0S2304270T7EGL1C.jpg""},{""Product Gallery Images"":"""",""Product Gallery Images-src"":""https://c1.neweggimages.com/ProductImageCompressAll60/BDT0S2304270RJC2V5E.jpg""},{""Product Gallery Images"":"""",""Product Gallery Images-src"":""https://c1.neweggimages.com/ProductImageCompressAll60/BDT0S2304270RJBVVD8.jpg""}]"
1720634914-39,https://www.newegg.ca/Gaming-Laptops/SubCategory/ID-3365,"MSI - 15.6"" 144 Hz IPS - Intel Core i7 12th Gen 12650H (2.30GHz) - NVIDIA GeForce RTX 4060 Laptop GPU - 16 GB DDR4 - 512 GB PCIe SSD - Windows 11 Home 64-bit - Gaming Laptop (GF63 Thin 12VF-274CA)",https://www.newegg.ca/p/N82E16834156488,"MSI - 15.6"" 144 Hz IPS - Intel Core i7 12th Gen 12650H (2.30GHz) - NVIDIA GeForce RTX 4060 Laptop GPU - 16 GB DDR4 - 512 GB PCIe SSD - Windows 11 Home 64-bit - Gaming Laptop (GF63 Thin 12VF-274CA)","NVIDIA GeForce RTX 4060 Laptop GPU 8 GB GDDR6Intel Core i7 12th Gen 12650H (2.30GHz)16GB Memory 512GB PCIe SSD15.6"" FHD (1920*1080), 144Hz 45%NTSC IPS-Level14.13""x9.99""x0.85""1x USB 3.2 Gen1 w/DP1.43x USB 3.2 Gen1See more","$1,099.97",https://c1.neweggimages.com/ProductImageCompressAll60/34-156-488-03.jpg,"[{""Product Gallery Images"":"""",""Product Gallery Images-src"":""https://c1.neweggimages.com/ProductImageCompressAll60/34-156-488-03.jpg""},{""Product Gallery Images"":"""",""Product Gallery Images-src"":""https://c1.neweggimages.com/ProductImageCompressAll60/34-156-488-09.jpg""},{""Product Gallery Images"":"""",""Product Gallery Images-src"":""https://c1.neweggimages.com/ProductImageCompressAll60/34-156-488-10.jpg""},{""Product Gallery Images"":"""",""Product Gallery Images-src"":""https://c1.neweggimages.com/ProductImageCompressAll60/34-156-488-14.jpg""},{""Product Gallery Images"":"""",""Product Gallery Images-src"":""https://c1.neweggimages.com/ProductImageCompressAll60/34-156-488-13.jpg""}]"
1720634917-40,https://www.newegg.ca/Gaming-Laptops/SubCategory/ID-3365,"MSI Katana 17 B13V, 17.3"" FHD 144Hz IPS-Level, Intel Core i7-13620H (10-core), NVIDIA GeForce RTX 4070 8GB GDDR6, 16GB DDR5 RAM, 1TB NVMe SSD, Windows 11 Home (B13VGK-645CA)",https://www.newegg.ca/p/N82E16834156549,"MSI Katana 17 B13V, 17.3"" FHD 144Hz IPS-Level, Intel Core i7-13620H (10-core), NVIDIA GeForce RTX 4070 8GB GDDR6, 16GB DDR5 RAM, 1TB NVMe SSD, Windows 11 Home (B13VGK-645CA)","Windows 11 Home17.3"" Thin Bezel FHD, IPS-Level 144Hz, 45% NTSC1920x1080 16:9Intel® Core™ i7-13620H 2.4-4.9 GHzNVIDIA® GeForce RTX™ 4070 Laptop GPU, 8G GDDR6DDR5 8GB*2, Max Memory 64GB1TB NVMe PCIe SSDSee more","$1,549.97",https://c1.neweggimages.com/ProductImageCompressAll60/34-156-549-01.png,"[{""Product Gallery Images"":"""",""Product Gallery Images-src"":""https://c1.neweggimages.com/ProductImageCompressAll60/34-156-549-01.png""},{""Product Gallery Images"":"""",""Product Gallery Images-src"":""https://c1.neweggimages.com/ProductImageCompressAll60/34-156-549-02.png""},{""Product Gallery Images"":"""",""Product Gallery Images-src"":""https://c1.neweggimages.com/ProductImageCompressAll60/34-156-549-03.png""},{""Product Gallery Images"":"""",""Product Gallery Images-src"":""https://c1.neweggimages.com/ProductImageCompressAll60/34-156-549-04.png""},{""Product Gallery Images"":"""",""Product Gallery Images-src"":""https://c1.neweggimages.com/ProductImageCompressAll60/34-156-549-05.png""}]"
